0.591037631,-0.12585789,0.381037354,1.10923576,-0.20402205,0.284104794,1.24976873,-0.133230165,-1.12539613,0.676043153,1.43487763,1.28878355,0.714987755,-2.3441577,-0.635832727,-0.584600508,0.044868391,1.68826485,-1.08054161,2.24220204,-0.382327974,-0.766901314,0.845204711,0.924304247,0.649946928,-0.769455492,0.502028108,-1.03355777,-0.79724586,-0.094870165,-0.819963574,1.0527482
-0.578167558,-0.220456213,-0.8801983,1.03760982,-0.666126966,1.14201105,1.06854355,-0.445940942,0.0296678077,-0.473708987,0.545722008,-0.194471315,-0.417480677,0.0461791642,-1.58221579,-0.0758482441,0.64961195,0.138054386,0.95165658,-0.377298087,-0.459290713,-1.11731899,-0.40574491,1.96589267,0.275543362,-0.585536242,-1.0061419,-1.59853077,-0.830393553,0.75919348,-0.427031785,-0.958171725
-0.848183811,0.64948082,-0.0812630728,-0.627204418,-0.308388382,2.20588303,1.21962309,1.46862531,-1.75210392,-0.151102275,-0.6447891,0.54384017,1.05980682,0.326426208,-0.872470021,-0.661013365,0.620570838,0.720073164,0.140952379,0.129790917,0.0501225367,0.269096553,0.715960979,0.630165696,0.0235854331,-0.0490494184,-0.0872983113,-0.780330658,-0.793028176,0.54395628,-0.712868869,0.813933849
-0.0513427109,0.819595277,0.636958778,0.8429299,-0.476365745,0.408899456,0.737887979,-1.55132675,1.70169342,2.26595306,0.947288275,0.805880785,0.588758588,-0.32343334,-0.110170208,0.964404881,-0.973217189,-1.06071687,-0.397329181,0.656253159,-0.86593616,-0.225416064,-0.106675602,-1.01186919,-2.43976784,-1.0265125,0.26088652,0.48614347,0.49436298,0.609572411,-0.626394928,-0.840609133
0.375057995,-0.211750075,0.907078624,0.381373554,1.28382051,-0.465536296,1.06753421,2.03467584,0.0537425615,0.499306679,-0.930528283,0.894056499,1.12905812,-0.494453192,0.586159587,0.280472726,0.390785277,0.812019765,0.5188995,-0.138987824,0.833296359,1.1118561,-0.55419445,-0.00179912709,-1.76869285,0.583598077,1.22311759,-0.257295221,0.133436158,-0.22019574,-0.383896232,0.232171282
-0.784242511,-0.235276937,-0.90455091,0.589076579,0.239238113,-0.431237906,0.0370787457,-0.220725253,1.14389515,-0.441012323,0.635044992,-0.705207288,0.814238429,1.03730559,1.08450627,1.47101688,0.292445004,1.23794675,1.62417996,-1.12205231,-0.603238165,-1.49570072,1.06114411,-1.50853229,-1.77984238,-1.09739268,-1.73831201,0.272158027,-1.08454263,-1.69028294,-0.0418733209,0.0171120279
-1.86978304,-0.713701189,-0.0746387541,-0.356823266,-0.329483241,1.17928696,2.14654469,-0.313298494,-1.32188153,-0.234583095,0.194293097,-0.0532785431,0.61069113,2.21190929,-1.71312082,-0.507079661,1.54114318,-0.522045553,0.789493501,0.630900681,1.23687983,1.91333973,0.333072722,-1.74582982,-0.700407147,2.1860528,-1.4141978,0.496806562,-2.5145092,-1.35122716,0.886937261,0.0359609202
-0.376441836,-0.814356029,-1.99654257,0.693405867,-0.283147365,-1.52186513,0.0301891398,0.581248045,-0.200673684,0.11599268,0.0381268151,-0.706794798,0.0542596132,0.735216916,1.03464365,0.790729344,-0.675098002,0.636212528,0.46546644,-0.70970881,-0.464312732,0.679693103,1.37690818,-1.81167185,1.64006126,1.16415966,0.199118495,-0.240716621,0.39043346,-0.640565336,-0.177695021,-1.47502697
-1.74152291,2.33230662,0.0630752221,0.203689024,-0.0307327937,-0.827774048,-0.307062119,0.0911886916,-0.196638271,-0.752202749,0.47948879,0.188364685,0.392907768,0.705044806,-0.170523912,-0.168887943,1.48245251,-0.944015205,-1.87363172,0.555538714,-0.629350066,-1.07735097,0.885237992,-0.144768387,-1.26356411,1.93494606,-1.6106863,-0.0866783932,-1.88927674,0.270658225,-0.641108692,0.819274843
-0.0173863862,1.35060775,-0.429713905,-1.6045444,0.23751606,-0.252557486,-1.81925988,-1.05538023,-0.73713243,1.55538344,0.7074458,-0.347735167,0.47086972,-2.03945994,-0.56490612,0.400995374,0.165376306,-0.539356172,-0.0383081324,0.33810851,-0.00935665984,0.861003935,0.318702102,0.511240482,1.71355474,0.827506304,1.74095845,-0.671914339,-1.5924139,-0.140280798,-0.225596368,1.45941412
-1.13004446,-0.0788789615,0.405179352,0.100102507,-0.171529651,0.35856846,1.07909763,1.5357455,0.0328072086,-0.815845728,1.5345341,-1.0776335,1.79057884,1.3441354,1.48939884,0.68539083,-2.11248994,-1.03912079,0.306888223,-0.67564702,-0.315279871,0.612808168,-0.169974282,-1.21902061,0.885658741,0.514902771,-0.248995945,0.71126616,0.0950470641,1.33136117,0.151207879,1.32392764
-1.87365282,0.459219009,-0.397861809,-0.859050989,1.15850055,0.889087439,-2.00647664,0.715495646,0.59414804,-0.723071516,-0.835303962,-1.59057522,-0.337531894,-0.177487537,0.796996772,0.269380361,-1.05990815,0.238874331,-0.254045427,-0.934826195,-1.58950722,0.624803364,0.446397156,0.556769013,-0.728244424,0.171079859,-1.37536418,-0.986582816,0.0337321982,0.262353033,-1.62881792,-1.05754471
-0.365392834,0.958518744,-0.813102782,0.14057529,0.245392635,-0.249691829,0.268020034,-1.34491682,-0.65578717,1.43435991,1.50476491,0.842920721,1.10039222,-1.82591081,-0.948695898,-0.311101556,2.41564202,-0.313083977,0.74490428,0.378372014,0.356123447,-0.0235306229,-1.20003283,-2.70116401,1.28184247,-0.616497815,-1.86711323,0.437961012,0.418789417,0.767892301,1.11571574,-0.91898638
-0.874981701,-0.318703264,0.821640193,-2.10263896,0.128206342,0.932121813,0.890856445,0.708561599,1.06300056,-2.74718261,1.61346865,0.330404967,1.33465123,-1.17463446,-1.75382686,1.78637767,-0.926521838,-0.310848892,0.527454615,0.772886634,1.07841635,0.223386168,-1.05430925,0.706632614,0.722556055,-1.81503487,1.41868484,-2.48707557,1.0344156,-0.634109974,0.705509484,0.510194182
-0.0371225476,0.45108664,-0.0864486545,0.713950813,2.18527174,-1.34123898,-3.18814635,-0.415674269,-0.484025896,-0.377568185,-0.926438928,0.872434199,-1.38132942,0.450775117,0.638465643,0.316465914,0.487143278,0.949267268,0.0535652824,-0.346496612,0.486370444,0.600366235,0.889681041,-1.71239281,-0.183531523,-1.06536829,0.560964823,0.726709187,-0.274412692,-0.729267955,0.596963525,-0.133242324
1.4264667,1.77295303,1.00071108,0.232657403,1.82557487,0.240720287,-0.479193896,-0.675340414,-0.703501582,-0.00636974722,0.463086814,-1.41515696,-0.448925942,0.212851018,0.643626273,-0.0259227529,0.244508132,-1.23852241,-0.911786735,-0.0608618371,0.510551095,0.23130329,-0.848824382,-0.236561999,1.51183832,0.544258237,-0.162533045,-1.02583671,-0.713371098,0.00659036217,0.275947094,0.56556344
0.387985587,-0.370236367,-0.511104882,2.04698896,-0.556467295,-1.2917037,-1.63871753,-0.353188872,0.939983845,-0.575947702,1.47751451,-0.00728154508,1.10955811,-0.757721126,-0.742216706,0.0910457,0.482554674,-0.178957239,0.292465448,0.588485956,-1.42050564,-0.340937436,-0.518682539,-0.470122159,0.406877726,-0.504789412,-2.0050776,-0.236518651,-1.06440604,0.49633199,0.805696964,-2.17482877
-0.77423209,0.353373021,-1.40887511,0.782660902,1.04931653,-0.162015632,-0.773911595,-2.31056762,0.814025283,2.00253701,1.7956512,-0.194973513,-1.09267581,0.837624252,-0.12686877,0.478131711,0.30275169,0.0930034667,1.02851379,1.06566811,-0.522687674,-0.923112452,-2.49911594,-0.346161366,-1.09332514,0.419196934,-0.335866928,-0.227428645,0.811966121,0.397254676,-0.116690062,1.68642569
0.738148928,-0.415860862,-0.371253252,0.788379669,0.202845693,-1.12115967,0.894712865,1.25723219,1.18138885,1.54274905,2.06919813,1.72995901,0.340661794,-0.208427876,-1.82960165,0.0108678453,0.519136071,0.0435529053,-1.88822103,-0.286621362,0.645332038,-1.02591503,0.165691242,0.431627005,1.11796761,1.71260536,-0.377826065,0.18375738,0.215069175,0.649374843,0.537403107,1.42500556
-2.33129668,0.418021083,0.487411022,-0.235229239,-2.26400971,-0.0609961115,-0.710560739,1.67795539,0.375291377,-0.795484841,-2.05264497,0.590617657,0.69614917,-0.215776846,0.603675485,-0.348270535,1.06721532,0.992684841,-1.63892531,-1.39519179,2.03128171,0.932196379,-1.26238096,-1.57038009,0.207772061,-1.14231539,-0.316707402,-0.0472791903,-0.0904383883,1.12653828,1.83475626,-0.478917867
-1.13065922,0.388846159,1.6314801,-0.40321517,0.850358903,-0.837135613,0.0212713685,-1.16194224,0.0108320601,-0.116454981,0.608122885,1.77806163,-0.388895422,-1.99972916,-0.202103883,0.299317628,0.201900095,-0.157422811,1.48771489,0.136214539,-0.104796268,-0.777706146,-1.74671066,0.329231948,0.245417893,-1.05933058,-0.0443723612,-0.143851429,-0.624500513,-0.793310702,0.40508166,-0.225811705
-0.590993583,-0.861672044,-0.129985064,0.924483597,0.20664008,-0.237122029,0.308490425,1.36438501,0.490414023,0.260200977,0.63852948,-0.158013731,0.184067816,-0.488955438,-1.55055332,0.342835844,0.346680075,-0.287712961,1.03582108,-0.721603334,-1.77138436,-0.697115839,-1.54093933,0.338036358,-0.752077878,0.984689176,0.963798821,-0.924974084,-0.80810684,0.534439623,0.979839802,-2.01262069
0.281670868,-2.19759059,-0.548516095,1.09365678,3.00977015,-0.238823831,-1.24711585,-0.513492167,0.0660696849,-0.670241237,-0.924823701,-0.426850021,0.395577252,-0.169408932,-0.881602824,-0.670062482,-0.413858563,-0.999426425,-0.707144976,0.643635988,-0.23032096,-1.75348699,1.02494872,0.416719824,-1.38313293,-0.365379006,-0.79209882,0.676905692,-0.371652216,-0.0727733374,-0.189194426,-1.48013449
1.40539622,0.662330031,-0.747383595,0.191861928,0.974117935,0.0557410121,1.55675423,2.91785073,-0.12612173,-0.582529724,-0.989409268,-2.21357465,1.2481451,-0.35349381,0.875355721,1.07645214,-1.08097029,-0.930814207,1.74468684,-0.0700651482,-0.660287559,-1.04517329,-0.141455784,1.5078944,0.685437977,0.181762353,1.58852088,1.3957752,0.334122211,2.77611971,-0.247423157,1.09802854
-0.392996609,0.902848423,-0.248387188,0.461368322,2.390136,0.951851785,0.476841122,-0.774702787,0.188228711,-1.00800252,0.886976361,0.86187762,-0.17963545,1.66353202,1.52289605,0.149646595,0.565511107,-0.588457227,-0.272180527,-1.0780077,-0.47833699,-0.104388863,-1.66036725,0.576813996,1.02212822,-0.00791773479,-2.69724202,-0.252992779,-1.39338624,-0.609619021,1.45193624,-2.43447304
-0.8163625,0.829569638,-0.701926112,-0.778430164,2.03240609,0.378387392,0.93430239,0.494669706,0.161697388,1.26402485,1.90534663,-1.68351698,-0.0353173576,-0.0431987494,-0.429277241,0.981060624,0.256887674,1.92547286,1.10026646,1.36470246,-1.19916427,-0.806085944,-0.723691463,1.32311881,-0.967176259,-0.937934339,-1.12135541,2.7530272,-0.142231911,0.529888034,-1.14061737,0.959258378
-1.77366662,-0.979002774,-0.731373906,0.218871534,-0.793082297,1.52399814,0.503223181,-0.689603448,0.997617066,-0.393284559,-0.590436637,0.89581567,-2.45282459,0.734817088,-0.713094771,-0.714607298,1.95813692,-0.531212747,0.955914617,0.279244721,0.382991016,-0.250542253,-0.30271551,1.52798843,0.930460095,-0.499680966,-1.04587615,-0.584473729,0.981495261,1.17869174,0.554943621,-1.61677098
0.753779054,1.30357826,0.173556551,1.97980309,-1.32097065,0.684807539,-1.02022135,1.05854189,0.612860858,1.80135584,0.499708593,-0.404006004,-0.491070211,-0.250177234,-0.510724068,1.34710896,1.27563822,-1.49656749,0.0383601449,0.0624915175,-0.7812953,0.438250005,1.46085083,0.891808987,1.34706843,-0.718467832,0.0365077741,-0.76564765,0.23943007,0.329450905,0.959838033,1.31349182
0.688977182,-0.860169888,-1.35217273,0.520020008,1.50052106,-0.0247918777,-1.52739358,2.0847559,0.489404559,0.17114152,-1.16797113,0.0162162222,0.686884165,0.503020704,-0.679887116,-0.057065282,-0.616006672,1.66416156,0.894873977,-0.524334848,-1.16846967,0.277815074,-0.492817402,-0.418306679,-1.13521409,-1.01140869,0.16267015,-0.266878456,2.49651432,0.594253421,-1.15169513,-1.53563619
0.398171395,-0.396867096,1.3314749,0.281863838,-1.98252034,-1.01942432,-0.675282061,0.442036927,-1.05275238,0.152817592,-1.33614981,0.00618541893,0.370025992,1.4615103,0.245575428,-0.81673491,1.49300504,-0.183178037,0.773566782,-0.612895787,0.0907782614,-0.801267922,0.322259963,0.80382812,-0.494799286,-0.551007926,0.356818229,-0.825015962,-1.51794374,0.353196412,-0.107697174,-0.128859386
0.521070421,0.660750329,-0.161001891,-1.12266946,-0.638586819,0.584963918,0.136402667,-0.549759388,-0.784386516,0.617822826,-0.221652403,0.75271678,0.879335821,-0.312839746,0.949647486,0.138409749,0.26775825,-2.18874907,-0.970921278,-0.916694343,-0.318654716,0.114351004,0.155250326,0.285746932,-0.68494457,0.691362977,1.8092885,-0.35332489,-0.663668156,-0.685331821,0.0854678228,-0.525763094
-1.73032844,-1.45675182,1.02019012,1.28179407,1.59988964,0.226304442,-0.990905523,-0.438016146,-1.49138761,-1.52989197,0.255262703,0.539011538,1.95837355,-0.0830935761,-1.35783482,-0.121920384,-0.282459199,-0.49123168,0.343749553,-1.21447253,0.130721435,0.651563287,1.41973782,0.310375839,1.0431205,-0.443896025,-0.304290265,1.34784698,-1.37158442,-0.403140306,1.12844634,-0.211111709
-0.285602033,-0.265332103,0.117151774,1.08608389,0.924231529,0.0114572411,1.09238851,0.341792971,0.85912019,-1.02836943,1.73855269,0.220213056,-2.74830937,1.65952718,0.00505493116,-0.395493954,-0.605683088,0.439501882,-0.888388932,-0.576906443,-0.552878082,-0.292247057,-0.515208244,0.852814138,0.271062315,0.393036753,0.6106022,-0.093094267,-1.02030933,1.80517244,0.92753464,1.61282706
1.03453839,-0.460371405,-2.34797788,-1.22909641,0.636522055,-0.101747923,-0.419849873,-2.49555349,-0.0131272646,-1.08177853,-0.724382579,0.850104094,-1.0291419,-0.933689296,0.185580328,0.872362077,-0.402705908,1.46721542,-1.27866912,-1.45405555,-1.53928602,-1.65218377,0.336548954,-0.977789342,-1.41019237,0.379796684,0.823949218,1.05085838,0.875284493,-0.918103456,0.27609095,0.496871591
-0.474883258,0.164752111,-1.25161827,-0.627600193,0.37178731,1.50754261,1.15143967,0.660858452,0.0797000378,-0.0752305165,-1.44760001,-0.835506558,-0.802854836,0.574759305,0.944947779,0.736573398,1.18266642,0.0722575486,-0.982930183,-0.0499328971,-0.724837065,0.657859981,-0.359087408,-0.0985316187,0.693622231,-0.741094291,0.963976562,-1.34759641,0.30655098,-0.0908989981,0.827341795,-1.37437391
-1.53079116,0.750044405,-0.390922129,-0.0908021033,-0.65974915,0.912810385,0.299216211,0.240664095,-1.16962051,0.501505554,-0.992212892,-0.658553004,-1.36534762,-0.156541482,1.06447327,0.226694986,-0.44182092,0.109146319,0.103613973,0.0660686865,0.177334428,-1.03999436,0.106538363,-1.75524843,0.575623631,-1.10274923,1.17759788,-2.44523621,1.67442489,-1.63922071,-1.1999346,0.299057037
0.618714988,-0.283385426,0.89260608,-0.796554267,-0.399691939,-0.302077949,-0.538395882,-1.93417859,-0.0246670656,-0.115007155,1.07818282,-1.28594446,-0.639407337,1.20349121,0.293288857,0.549379706,0.453433633,0.457871646,1.82105005,0.091540657,-1.01134324,0.638797462,-0.566551685,-0.109936975,0.370180994,-0.82135433,-0.510294735,0.475848585,-0.54864496,0.973385334,-0.986157596,-0.989524364
1.90605581,-1.53022647,-0.0267165285,1.85148382,-0.0285914484,1.34677064,0.65247488,-0.00720188441,-0.13064526,-2.11931753,-0.319111645,0.232218504,0.231662914,2.4658587,0.280958056,0.630145311,1.16496313,0.540501297,-0.086049065,-0.0811873525,-0.350654483,0.444211036,-0.170320719,0.624936402,-1.00908732,0.146848455,1.55206728,-0.224623501,1.8430016,0.163671449,-0.0565081909,0.116618499
-0.311423242,-1.98055613,0.880174875,2.19271326,0.480429262,0.54132098,-0.18259269,1.15778911,-0.0392716192,0.26722011,-1.56521642,-0.529341877,0.367353141,0.907211721,0.934939742,-1.57918096,-1.47777975,0.584137082,-0.74680841,0.894592583,-1.6301682,-0.0984099433,-0.0342368186,0.480467111,-1.03116,-1.96676409,0.171272755,0.526430249,1.00745499,-0.358551651,0.775681615,0.485773772
1.3224051,-0.0553879179,-1.72989929,-0.0676596761,0.0884507447,0.518194258,-1.53268242,-0.312044829,0.868103564,-0.104085453,-0.305734396,1.90632641,-1.07000422,1.23315465,1.02124977,-0.225166455,-0.0328905545,-0.0364587344,0.181947753,-0.594541371,-0.42814824,-0.35522452,-0.323297709,-0.310756236,-2.2408247,0.09764909,-0.527467787,-1.86681104,-0.350051016,-0.380957484,1.27524447,-0.539229929
0.667790174,1.38281202,-0.628068686,-0.0474972092,1.72869182,0.22897616,0.373749852,-0.407253921,0.687050819,-0.0396426134,-1.83210289,-0.355232537,-1.18317878,0.112240963,-0.916839123,0.478128463,0.0447634198,-1.24800897,-0.492538124,0.620562673,1.14799309,-0.902421236,-1.09744048,1.95098495,-0.00976794679,0.0914689377,-0.739391029,0.215220228,1.71509564,0.254365265,1.06496322,0.0289838556
-1.02580321,-0.683236659,-1.11780214,0.21778658,1.22388875,0.161010936,-0.307781816,-0.789639771,0.355445862,-1.238132,-1.13410103,0.900163293,-0.277735054,-0.297454178,-0.169066012,0.725871086,0.165502667,-0.74308145,-0.707092226,-0.195110813,0.302219748,-0.035509944,-0.124490187,0.046283558,-0.0362244062,-0.780382931,1.1070509,-0.482311457,0.129220545,-2.06033516,-0.215174288,-1.09958911
-0.979021788,2.4221859,0.249525905,1.22602212,0.855303586,0.983242869,-0.199071661,1.60640204,0.846687317,0.0413349532,0.26328963,-0.136732414,0.0522391833,-0.0436007343,0.381533623,1.73997378,-1.20521414,1.14235473,-0.368234485,1.2696631,-0.33344537,0.412753671,-0.158844247,-1.73059213,1.73897684,-0.942753613,0.0838828608,-1.05242181,-1.33700168,-0.204939842,-0.593511283,-1.16881502
-0.0354326144,-1.48190677,0.125473797,-0.127326816,-2.48040605,-0.523109913,0.468410015,-1.06354594,0.511792183,0.432679206,-1.01772141,-0.0122823035,0.824991107,-0.876422226,-0.205810562,1.15023911,-0.857632041,0.459158272,-1.07919109,-0.160961896,0.44672671,-2.40452671,-0.534323096,0.429331928,0.225844115,-0.522378385,-1.10458195,0.628464878,-0.322406739,0.545347214,0.380223125,-0.447418272
1.07256174,-0.59427762,1.19045401,1.32129252,1.05011463,-0.180561155,2.54707909,0.151844457,0.241056472,-0.0220613461,-1.12976646,1.29507327,-0.572403431,0.919611037,1.15955305,0.603321373,-0.691969275,-0.341078252,-2.6770761,-0.116467655,0.802710176,-0.237505078,-0.590080321,-0.297746927,1.21536601,-0.0543656871,1.85791624,-0.570733488,0.21723178,-0.433401912,2.07448649,0.179705307
2.12807608,-0.420127541,1.52757919,0.118003376,0.836655617,-1.21971095,0.348413944,-1.06912041,0.25709641,-1.51839006,-0.0940830186,1.09561205,0.547553897,-1.23395002,-1.89838636,0.496944577,1.58119881,-0.963946044,2.097404,-0.00649328809,-1.9586935,-1.5608803,0.769949138,0.12956804,1.48222101,-1.19812477,0.118494801,0.00676106149,-0.14301452,-0.382607222,-0.362699389,0.174645826
0.302581042,0.252572864,1.20598745,-1.20127857,-1.81168354,1.01696503,-0.943525016,-0.379475832,-0.612099648,-0.633512318,-1.45826399,-0.569527566,0.649331093,-0.00393143948,0.504507124,-0.496082008,0.902845979,-0.508361876,-2.10855722,0.316623807,0.767384768,-0.55923903,1.19920623,-0.850692213,0.670726836,1.74477589,0.0367309861,-0.226483092,-0.105671674,1.62829542,0.402782559,2.14420271
0.279251397,-0.653796673,-0.583506942,0.061607264,-2.04132271,-0.474989831,-0.45279783,0.239789754,1.94181824,0.0548164882,-1.92265904,-0.913907647,0.262287855,0.092994757,1.62445557,0.960077286,0.930115461,-0.21713309,1.09912109,-0.895923138,0.968294322,-0.282418907,-1.4479934,0.593236685,1.39754367,-0.406601876,1.56276178,-1.65594089,-1.1967932,-0.146726042,-0.370763898,-0.667133391
0.133677721,-0.528590441,-0.358974665,0.278425068,-0.667536855,-0.106018163,-0.645539045,-1.20562041,0.763702154,1.70779443,1.06457198,0.33171609,-0.641528428,-0.28691873,1.05702126,-2.28148675,-0.36326021,0.734115899,-1.13828039,0.423388273,0.376989275,-1.45433247,0.0869781077,-0.61744529,0.416098684,0.669788659,0.398938924,0.0725923255,0.288871258,-1.17606509,-0.0307517834,-0.796483219
1.03153872,0.683238149,0.680401325,1.71349156,-0.329977453,-0.549007356,-0.353602707,-1.60223639,-1.52358317,0.621102989,-1.39514017,-1.07491255,-0.101719879,-0.412227601,0.885652363,0.0604613051,-0.798468649,0.971633017,0.728791356,-1.41098344,0.252266645,-0.715076804,-0.741437793,1.8695147,0.124271385,-0.217538491,0.0849512219,0.874240279,-0.701604486,-0.530849993,0.656671464,-1.51638925
0.99077183,-1.60517979,-0.245766804,-1.59883285,-1.05625165,1.29766691,1.04445791,1.15132225,-1.44898832,-1.05105615,0.339872569,0.715317488,-0.799513698,-0.578921378,-1.13134766,1.65824533,-0.474955797,0.0312923044,0.0836445987,1.1056205,-0.952466547,1.16826081,-1.27872074,1.16572022,-1.71529961,-0.104555652,1.62543726,0.697256088,0.421242297,-1.04841518,-0.734801233,1.34439588
0.472339481,0.890249252,0.0737938136,-0.281731486,0.766661644,0.259353042,-0.169960007,-1.41400707,0.953908324,0.440026313,-0.606262028,1.17925274,0.243812501,0.263398826,0.883895576,0.668706596,0.293674469,-0.188585058,1.98366416,-0.733800828,0.745971859,-0.083859168,0.454713613,1.23342335,-0.311578423,0.601836324,0.265557289,-0.641301513,1.25809896,0.71118778,-0.434549928,1.10359383
-0.831419647,-0.0289342627,-0.429223835,0.751312017,-0.479683369,0.758483112,0.59446013,-0.375249147,1.82971764,-0.745234668,-1.40901411,0.856099129,-2.14940786,1.49181688,0.101753876,-1.42698503,-0.948464513,-1.63408864,0.382882953,-1.32691419,0.502089024,-0.304824144,-0.475364149,0.509345949,0.623511314,1.14580286,-0.633778334,-0.0298094619,-0.63532716,0.162987471,-0.778289676,-0.424096733
-0.419000506,0.293360949,0.00295496732,0.506301582,-0.106996581,-0.579752684,0.191282898,-0.917183936,0.569157839,-0.285465181,0.204519406,0.220024005,1.60154545,0.381583691,0.0732189566,-0.692370832,0.802385151,-0.270205528,-1.52548015,-0.195088223,0.191489801,-0.818505704,-0.118180305,-0.0714828372,-0.0559078939,1.23464191,-1.31155789,2.03380251,-0.0328353196,0.580211222,0.127836272,-1.72602355
-1.05657768,-0.524275899,0.993719816,-1.38432109,-0.855737448,0.164850846,0.472856462,0.44272089,-0.984005094,-1.59799135,0.539059639,1.43312395,-0.345301628,-1.14468646,-0.429880321,0.394062579,-0.233143151,1.40719366,0.924970746,0.184338063,-1.95432293,-0.692263603,-0.54802233,-0.746616006,0.190821275,0.211442083,-1.67407489,0.804598033,0.0161237065,0.357641399,0.744826317,-0.76696974
1.25890565,-0.141793564,1.51254725,-0.893932462,1.43824661,-0.90398401,2.54878139,-0.951833785,1.05658674,-0.362394214,0.715022385,-0.0405250676,-1.09123039,-2.79683018,2.50758338,0.0730242282,-2.94353008,0.302608609,0.689586639,-0.715080798,-0.708354533,-0.0198418479,1.20259428,0.0999601185,1.46322525,1.13121915,-0.22878477,-1.57052374,-0.226670831,0.526482403,0.0598934777,0.634424806
0.86341995,0.530858576,-0.275328547,0.519883454,2.23548412,-1.48987961,0.487287462,1.83200324,-1.17458999,1.00110006,1.13471723,-1.4768461,0.712361693,-0.271315902,-0.0604457967,-0.324954718,1.31268907,-0.112121023,-0.46331352,-0.446375519,-0.340989947,-1.07953548,-0.472134054,0.117669627,0.404381424,1.2040391,0.240978897,-0.474469721,-1.01103997,0.29448688,-0.117370784,-0.0843172446
0.262529522,0.519389093,0.269735217,-0.1705181,-0.801381826,-0.612784743,0.848259807,-0.423586249,-1.34604275,1.15957463,-0.942378521,0.0352471024,0.491163075,0.00321837561,-2.47813797,0.390487999,1.32646322,0.786532223,-2.12399387,2.12724423,-1.32585156,-1.07841945,0.781877577,0.452841461,0.080335103,-0.569406271,1.33085668,-0.0393258519,-1.565817,1.23229992,0.219284996,1.11500669
0.572548628,2.39162278,-0.30997026,0.0160932411,0.719830632,-0.303792298,0.802637696,-2.94741297,-0.0727832541,-0.102992468,-0.139215216,-0.876926959,0.906122863,-0.504444838,0.200274393,-0.0371636413,0.500364184,1.43096077,0.195103854,0.841397047,0.144870177,-0.506008208,-0.14155753,-0.283542395,0.568162143,0.106652044,-0.794264555,-0.221962258,-1.5259167,-0.184603184,0.00130586792,1.8084482
1.34845209,-1.03407454,0.201769426,0.219310313,-0.230437353,-0.166688532,-0.353949755,1.87270844,-0.416184247,0.340937138,-2.52903008,0.823568404,1.18425477,-1.05203009,-0.511886775,0.451503515,0.0194606949,0.466369599,-0.287241071,1.8632654,-0.66974014,2.69157481,1.24192393,0.832115293,-1.04047763,0.909682393,0.60393846,-2.11961031,-1.40460026,0.357627928,-0.133299723,-0.516478181
1.07894921,-0.883779287,-0.455240935,-0.647029817,0.510169268,-1.71945822,-0.497671843,-1.72276521,-0.312875479,0.723048985,0.740896523,-0.72759831,0.533321977,-0.185163423,1.36108494,-0.129962862,-2.97304726,0.894681036,-0.459099203,-0.274199963,0.335923463,-1.42470789,0.0746535733,0.534497023,0.364064187,-0.598931253,0.991931975,-0.997495949,-0.62552166,-0.136001438,0.29546836,-0.324543327
1.22858691,0.295286208,0.0756579638,0.260136157,0.732905924,0.2407749,-1.80951679,1.08950889,0.119675212,0.684852779,-0.405943513,-1.82671654,-2.27890968,-0.944367766,0.517294228,1.2978909,0.301971227,-1.05222738,-0.784124136,1.3607831,-1.31078088,2.10177279,1.87603748,2.13472199,0.380701482,-0.34152481,0.356346279,0.908584952,-0.650775909,-1.1012032,-0.283936501,-0.772307754
1.24088645,-0.616429508,0.095641464,0.983040512,1.27984226,0.208559275,0.384296238,-1.01699066,1.02305663,1.26352322,-1.8703531,1.76294577,-0.700659454,0.594630897,0.0775617212,-0.0603758469,-0.20651798,-0.992563307,0.52382803,-0.286044657,-1.30942237,-1.03500473,-1.29244626,-0.524590552,0.485099316,-0.711118042,0.975441575,-0.119214483,-0.289404929,0.0167654306,1.39515495,-1.37133873
1.65636694,0.960160136,-0.0216564946,1.18302572,-0.322472841,0.285678387,-0.541414499,0.966475189,-0.707255602,-0.0513677895,0.679138839,1.04818964,-0.821155071,0.753138244,-0.981985092,-2.15033078,-0.748063624,0.834659994,-0.0122168791,-0.534998,0.0554783233,0.0223996732,0.621898532,-1.61170995,-0.102352954,0.124277271,-1.36537015,-1.37908244,-0.364708424,0.00852428284,0.0120460251,-0.556348503
-0.597334564,-0.395176321,0.298521757,1.24462104,-2.220397,0.623002112,-0.111151658,0.525722265,1.1855433,-0.755126059,0.944304705,-1.25404286,0.127599239,-0.242516771,0.0462794676,-0.989034295,0.43688345,1.58628726,-0.971856892,0.189645529,0.855873108,-0.296740741,1.36039293,-0.429688334,-0.116294704,-0.993154168,0.126590356,0.00302294549,0.635901272,-0.636206031,-0.68199563,0.462492108
1.39719045,0.62901026,1.84741223,0.555307448,0.519292831,0.679292858,1.48817074,1.23757005,-1.08487821,0.800581872,0.265356511,-0.194035009,-1.77292919,-1.54016089,-0.364467233,-1.4645915,-0.343756825,0.714341223,-0.58095634,0.0834626034,-1.06995201,0.298767298,0.508135378,-1.42293429,-0.751886308,-1.26717031,0.509214818,0.164006561,-0.0497117937,-0.128281534,0.322835445,0.34285149
-0.495577484,-0.635596812,-0.0589951947,-0.189734891,2.0606823,-0.383894682,0.289665312,0.465926498,1.40052426,-0.811184585,1.33964777,-0.147395581,2.50134516,0.362602234,-1.22892916,-0.197158679,1.33626938,0.0815411508,-0.0596254058,0.71899718,-0.344997704,-0.210733175,-0.944674492,1.7288208,-1.22261131,0.169466659,0.479884535,-0.0136511195,-1.25386274,-0.998764038,0.522516906,-0.779879332
-2.07201719,0.386978328,-0.872495353,0.631219268,-0.201621294,-0.249812335,0.0522381812,-1.1384933,-0.825453103,-0.259924054,-1.1443429,0.713817656,-0.307378978,-1.44943655,-0.559028983,0.101202562,-0.44609046,0.399815887,0.57403636,2.40170026,1.15064418,-1.6363703,-0.360232472,-0.266641289,0.575070918,-0.933586061,-0.531252146,-1.24441183,-0.602265716,-0.564965546,-0.313005805,-1.18651271
0.982025743,0.472213864,-1.44882977,0.02597294,-1.56525493,1.34225571,1.61410832,-0.0557372943,-0.852645159,-0.664269328,-0.453742087,-0.106827237,1.37046969,0.955601811,0.971004486,0.170578271,-1.15361178,-0.770056725,0.0607212633,-1.20110011,0.303982943,0.805123508,0.545345366,0.505189478,-1.8662827,1.33335578,-1.56738532,-0.152749211,0.618543565,0.358597517,-1.27783632,-1.09832561
0.287071615,0.510845006,-1.10720384,0.392592639,-1.51527345,0.624389231,-0.883841813,0.080513455,-0.0873976946,1.16065729,0.242130026,-0.599101841,0.359592706,2.14241314,0.740122914,-0.0591670126,-0.833612978,-0.616491497,0.679992914,-0.885802567,0.0026887611,1.43761897,0.150392398,-1.07913184,2.17784786,1.76244831,0.501176536,1.27575541,-0.266979694,0.724454463,-0.423539817,-1.35541499
2.59192252,-1.40653801,0.297558129,0.285876691,0.516005576,-0.0896842629,-0.079249844,0.138411731,0.479868472,-0.00181636144,-0.0683611482,-1.32110989,2.01368237,0.535699129,0.208906755,-0.624467313,-1.00361419,0.859986424,-0.159862384,0.621064603,-1.35215008,1.54685485,0.901377439,-0.0810626894,0.467625409,0.741004348,-1.33698058,1.67782688,0.483260989,-0.704102278,-1.09659171,0.98709774
0.211159199,0.482600898,0.0266645551,-1.00274372,0.508617818,-0.197535142,-0.0216911267,2.37700272,0.869069159,0.926764905,2.72052312,0.384573877,0.11970754,-0.679207325,-0.452551872,-2.04710388,0.790423334,-1.26692104,0.902736008,-0.0430260152,0.128058717,-0.0423679315,1.38607442,1.20944238,-0.0288914051,-0.899004102,0.923889101,-0.974574983,-1.55486131,0.498349875,1.21848989,-0.405085176
0.40451768,-0.415673822,0.721993327,1.09502971,-0.262865216,-1.02760315,-1.45703065,0.925688446,-1.13656652,0.372024238,0.77740705,-0.501301885,-0.166210845,0.999043465,-0.808193803,-0.909711599,-0.234391227,1.27791262,1.61073112,-0.0987830237,-0.712121606,1.06411457,-1.66929555,0.247610852,-0.0439135917,1.29382789,1.39501858,-0.942528546,0.167678028,-0.570604324,-0.293327391,0.617387772
-0.334894121,0.193925455,0.957272172,1.51516175,0.288680136,0.117765404,-1.10729015,1.5857985,0.495701075,0.136225119,0.0850492194,0.36065346,0.771790504,0.895550549,1.61080194,0.242688507,1.75420117,1.05772328,-0.0601313822,-1.66737378,0.0855622664,1.55847776,-0.775263131,0.0824626461,0.165218905,0.942126572,-0.387811542,-0.869383752,0.570002139,-0.743387043,-1.83550537,1.84037197
0.927030683,1.8833878,0.874012768,0.680364907,0.369535625,-0.186028287,0.512106597,-0.553232491,-1.06922913,-0.332225829,1.29149234,-1.23240674,-1.21651661,0.59130919,-0.4150787,0.485495031,0.989857435,0.461532474,-0.6322456,1.28293383,0.74212271,0.026827855,-0.0215828139,0.373992532,-0.311983705,-1.63120472,0.750157773,0.690743029,-2.30106592,0.510676146,1.75648355,-1.12763834
-0.0732912943,-0.181982309,1.66041195,1.120947,-0.878416121,0.342118531,2.30267215,-0.624707878,-0.0111537836,0.513507307,-0.610054553,1.76320314,-0.47266829,-1.38903511,-0.524982035,0.653020084,-0.798174143,0.302199394,0.562550426,-1.20893407,-0.563702226,0.34897086,0.702412188,-0.538784027,0.151772305,-0.283936262,0.727850199,0.51941359,-0.373483002,0.478443861,-0.412598372,0.457361966
0.471294552,2.37104654,-0.336262256,-0.141268492,-0.647231579,-1.03282368,-0.456460506,0.665100694,0.737461507,0.295679837,-0.295764893,-0.493374974,-0.91683054,-0.556887627,-1.29512811,1.3578583,1.83715153,-1.93586278,0.289263636,0.272691965,0.208808795,-0.59274435,1.02251399,0.41047731,1.03412175,-0.737511992,-1.38318276,0.434905529,-0.962943733,1.05459964,-2.12662125,-0.468539894
-0.615921855,-0.332376629,0.26109907,0.396235734,0.639737606,0.754986346,-0.171525598,2.10870433,1.38709033,-0.311988205,-0.136873692,-0.333047807,0.363298625,-0.971937835,-0.789537489,-2.16736627,-0.398660123,1.06475914,-0.152101025,-0.0961619392,0.278159142,-1.00223744,0.0252862126,0.89032948,0.306563169,0.978164732,1.2641319,0.662589788,-0.713367045,-0.344135374,1.93148887,0.314168513
0.180956587,-0.859959364,-0.0914611593,0.716373563,0.0148457102,-0.519378245,-0.287386149,1.19182527,0.667780817,0.534040213,0.440882146,-1.18303001,0.272349089,1.06800747,-0.260921538,0.977428079,0.545226693,0.827672839,0.0509364866,0.886585534,-1.46468163,0.033145722,0.713014841,0.296299517,1.09562361,-0.15709883,-0.547455251,-1.63907504,-0.272966504,0.516874969,0.761008501,-1.39918554
1.17532516,-0.974420846,-0.121148139,-0.568816364,0.417249888,0.0940747187,0.677968562,1.8438046,0.39785248,-0.576679647,0.461069018,1.94513929,0.656340241,0.945693612,-1.59357643,0.38687861,-0.268017739,-0.680124879,-0.0223173276,0.10863398,-0.624391913,0.188463762,-0.173487097,0.702438891,0.22757484,0.375923365,0.979387939,0.55495584,-0.00608439278,-2.08692503,0.513728023,-0.911923289
-0.0862378255,0.37104699,1.33302903,1.84232283,-0.921218276,-1.31586289,0.325717181,0.242427751,-1.20187593,-0.0166030023,0.597540975,-1.23015177,-0.994585395,-0.644159913,-0.212260246,0.693971515,-0.326480687,0.0553168245,2.24617791,-0.956310272,-0.652993381,0.678088903,0.988043189,0.414800882,1.80896759,0.317455947,-1.97610366,0.096995689,-0.570983648,1.38381171,0.964624047,-1.5896908
1.35031807,0.939367771,-0.324462116,-0.0784418955,1.39217699,-1.97151196,0.445398003,1.09340966,-0.0887130275,0.64790982,0.10315454,-0.784039259,-0.809029996,0.711929262,-0.635706723,-1.52458096,0.122398689,-0.513081431,-1.19910812,0.0717474297,0.767276764,0.0201500636,-1.06624091,0.481803566,1.03515637,2.21303415,1.44184399,-1.00535834,0.858082712,0.256523907,-1.15209913,0.283795208
1.91867673,1.1958642,-1.01344979,0.0137172164,0.491674423,-1.72990358,-1.69543779,0.154627845,0.167675048,-1.83881891,0.387973517,1.0869627,-0.218301669,0.0598117858,0.571411729,0.439029276,-1.66862249,-0.905121207,-0.39585343,-0.860827029,1.46696854,0.634475946,-1.10972536,-0.214335755,1.13039219,-0.6462394,0.851583838,1.38317966,1.21614099,0.180404142,1.25102496,-0.522238016
2.48588133,0.24084954,1.1467942,-0.36200887,0.499414533,0.543463469,-0.928833663,-0.958443344,-0.204502553,1.10533249,-1.83142769,-0.362849206,1.30987263,-1.23212934,1.25390065,-1.12779295,-0.916541636,-0.147221774,1.8734591,-0.640007198,-1.73296285,-1.40193605,0.931948185,-1.35474026,1.18796456,0.0697908178,-0.032271225,0.297304243,-0.800920308,0.137871921,-1.19307303,1.3488909
-1.02729523,0.438880622,-1.03475034,-0.533204615,-0.373832047,2.98134804,-0.0144460872,-0.821529806,-0.44455561,-1.50467253,-0.162785918,1.85108662,0.336039543,0.903400958,-0.90994364,-0.20334217,0.203902632,-0.725306809,0.400006741,0.615428388,0.542848051,-0.151083276,1.09091127,-0.257617444,-0.348820776,1.44153905,-1.10696626,-1.70296896,-0.867816329,0.38724193,1.28359103,-0.660518527
1.81483757,0.0271973535,-0.115529545,-0.849938154,1.95135522,-0.15028888,-1.33198798,2.45766878,0.393670082,0.79883045,1.68156028,0.614462554,0.974889338,0.054325074,0.733732283,-0.0341578163,-0.0202100854,0.119716756,-0.396815151,0.504377842,0.501845181,0.818916619,0.639606535,2.00004315,1.05262971,-0.207251891,0.453071505,1.41269815,-0.949973166,2.0142417,-0.774639428,0.900275409
0.00660044001,-0.0509323999,-1.30291283,0.907500088,-1.28835821,-1.44277024,1.15970302,1.78960562,-0.667245746,1.00310922,0.796526372,-0.0915186927,1.33581686,-0.163622186,0.517534137,-1.25376987,-1.21102965,1.16904497,0.551205218,-0.142456874,1.90784526,1.89731562,0.439168006,-1.4556551,-0.111598991,-0.832581818,0.0895135924,-0.936297178,-1.19622588,-2.2626133,0.167257309,-2.29876304
-0.320240647,0.694396973,-0.722095668,-1.0848285,-0.0678469539,-0.828605533,0.185657918,-1.03282988,-0.104493923,-0.346420735,-0.0115216151,1.63515162,0.199810877,0.504444122,-0.624793112,0.223256424,-0.27480343,0.0296560414,0.64894557,-0.500233829,-0.39804545,-0.486414671,-0.505719662,0.173235238,-0.363981932,1.4979564,2.67916274,-0.567942262,0.294002861,1.03800762,-0.265749067,-0.994391143
1.73817337,0.686157286,0.318690449,1.45052242,0.770233154,-0.0479350351,-0.976630867,-0.49333173,1.20482326,0.682085633,-0.186666623,1.76656318,-0.157221287,0.987517953,0.22003904,1.932953,0.753045499,0.0461594798,-0.178801477,-0.0153725008,-0.725397289,-1.36670315,0.3087354,-0.533518493,-0.536175191,-0.0888402387,0.0522234403,0.00737601146,1.73829532,0.662379444,2.1078155,-0.438990384
0.783720672,-0.38341254,-0.561131835,2.14554262,-0.768148243,-2.23173404,-0.707949281,-2.00832367,-0.951324522,-0.858665824,0.0352817662,-2.04959655,1.19595218,-1.87576926,-0.127750829,-0.324154824,0.825350344,0.351543278,1.18687296,-0.361453295,-0.464746743,0.412790984,1.02920187,0.82506907,0.321814209,0.232662499,-0.036289122,0.40993017,2.03493452,-0.24257338,-0.364490151,-0.441055864
0.389372766,-2.12174535,-0.135061696,0.880646825,-0.526230812,0.186704636,2.10933542,0.331599861,-2.23922658,-1.40988433,-0.251003265,-0.803825915,0.103383206,-0.294576019,1.16607153,-1.09133148,-0.207499385,0.217258483,0.341134429,0.146805257,-2.41127348,0.0832920745,-0.150754377,0.864109755,0.722970307,0.240844518,0.313164115,1.35238314,1.15029609,0.275332004,2.14541841,-0.628196299
-1.18544316,-0.0108380066,-0.373809874,-2.46534133,-0.652380824,0.343585163,-0.0580277443,-0.776461422,0.042325519,0.123072483,0.71507436,-0.641500652,0.873856783,-1.09064293,-0.503376901,1.69899321,-1.02387774,-0.658767283,-1.253111,-0.827266395,0.138363153,0.706542313,-0.018638134,-0.324689835,-1.24277389,-0.727130473,-1.54603577,0.736559629,0.806073189,-0.0404476002,0.441450983,0.876232564
0.101208888,1.39361072,-1.02379274,-0.348670214,-0.467742175,0.647238076,-1.43414128,1.44797456,0.561774373,1.75029445,-0.0405712128,-0.550319314,0.657106102,1.03056502,-0.714420855,-1.9975965,-1.82626534,0.261384934,1.54018939,-1.30083871,-0.272366345,-0.348449558,1.92053211,2.25869584,0.424452692,0.89800036,0.870198965,-1.2803216,0.698523045,-1.01960647,-0.171535835,1.13973701
0.080933325,1.10249639,1.29926348,-1.75693369,-2.17769766,1.16209245,1.20240736,0.256594628,0.392216027,0.89304769,0.874408901,-0.30418399,0.955850244,-0.346473157,0.243551105,0.200022459,-0.859439075,-0.742987275,2.23410892,-0.891885757,0.369959265,0.579799175,-0.0542162918,0.671489954,0.328983277,-0.870251536,0.536817312,-0.544706404,1.74066913,0.429125279,-0.70015353,0.342289567
-0.924854457,0.257779092,-0.225697786,-0.826871157,-0.839441419,2.43493414,0.0913922787,-0.431739151,-0.604918599,0.471166104,-0.638496041,-1.09461796,-0.0324143954,-0.0399690904,-0.417034984,-0.891292274,-0.390971601,-0.469637364,-0.608364165,0.276500076,2.226228,1.33176517,1.94191945,-0.567691326,1.67468822,0.227275819,0.986363471,0.457703948,-0.343267202,0.719497621,0.484930545,-1.76818645
-0.124124229,0.872404158,0.277421623,0.469470978,-0.751423836,0.256210595,-0.0963426083,-0.203453228,-0.679256439,0.914862335,0.345468581,0.244547769,2.05078459,0.473799169,1.20049667,0.272932827,-0.353163689,-1.05913734,0.241390124,-2.66348958,0.272467077,0.315398395,-0.217567578,-0.0923663601,-1.25116956,1.38560367,-0.337250948,-0.972092748,0.544661045,0.110756107,-0.35833478,-0.464033365
-0.00563869253,1.34581602,0.469546407,-0.0344082788,0.85243386,0.0275318902,0.40155229,0.151127726,0.58978039,-0.44414416,-1.1393429,0.906848133,1.50492835,-1.09188104,0.17929168,-0.448870182,0.883378685,0.246645734,3.32747221,-0.301433474,1.53729236,1.63463068,0.533597469,0.0370833203,0.0948376954,0.0102048526,1.13329971,-0.872636318,-0.16098398,-0.282185972,-1.72619438,0.858914912
1.06291938,-0.634218454,1.03013241,-1.58365774,0.0239545032,-0.126258478,0.0877487063,0.0825451687,-0.0770416632,-0.387772918,-0.108705968,1.36322129,-0.57871896,2.2553401,-0.63516444,0.240059212,0.57120651,-0.291755915,1.3823632,0.545211792,-0.204902366,1.37126482,-1.01549172,-0.56548351,0.562570453,0.801466405,0.322621882,-0.127192318,-0.251444072,1.13140094,0.240394652,-0.872238755
-0.929902375,1.51346135,-0.718761623,0.272731066,1.35090649,0.542107284,-0.757642388,-1.01569414,1.86988842,-1.04116464,-0.553269207,0.372503638,-0.218878448,0.573805213,-1.46777213,-0.210399389,0.677688718,0.68107307,-0.57245326,-1.02171004,0.213713109,-1.31246269,1.28427064,0.157408759,-0.696811557,-1.05450141,-0.633056641,-1.56193101,0.49477908,-0.802846611,0.399671763,0.537545741
0.965997219,0.251847595,1.12523437,1.38611042,0.258215159,0.318526566,-0.557473779,-0.987624705,1.28207445,0.605743706,0.686829031,-0.590709627,1.62392151,-0.228613928,-0.801840723,-0.573674142,1.57119167,-1.11104763,-0.751122534,2.89850926,0.941037714,-0.73305583,-1.08144736,-1.67269719,0.0971141458,0.72802037,1.51879823,-1.8939836,-1.32538152,-0.119550578,2.78767014,0.885902524
0.372799784,-1.22492361,-2.11998534,0.0388496853,-0.0993694887,-0.267807513,-0.380433679,-0.748354018,-0.977642119,1.38950777,-0.886528313,-0.276148051,-0.0390781052,0.706280351,-0.851830363,0.978067994,-0.579666376,-0.161897168,1.64309859,-0.969227731,0.720904708,1.0046109,0.30989781,-0.117530823,2.12570405,-0.0138453944,0.204077497,-0.336526781,0.15108186,0.964118004,-0.275305331,-2.10853052
0.513570189,-1.07833445,0.741876423,-0.00132473174,0.943109095,-0.948343754,-0.535221219,-0.340036035,-1.48228216,1.11142015,-1.62542295,1.09731364,0.424398482,-0.198867336,0.345116138,0.317733288,-0.400427908,0.298149824,0.73118335,-0.944682717,0.346194953,-2.62632513,-1.92959988,0.564526677,-0.417829245,-0.853438199,-0.0530254729,-0.395951658,-0.988607824,-1.63904905,-1.96815753,0.73879236
-0.422499567,0.969549298,-0.432650179,0.354969949,-0.125404447,0.0444467291,0.0930368081,-0.445706755,-1.22962153,0.766131759,1.59354675,1.65921545,-0.553269923,-0.733170748,-0.554282427,-0.175837398,-0.0524609648,-0.997928441,-1.47973585,0.0499423072,-3.5304091,-0.100656822,-0.944747627,0.780154526,1.04763484,1.07124579,-0.346446872,-1.135144,-0.814592302,0.28761068,-1.64586449,1.39354944
-0.330630034,0.500173688,-1.78142607,-0.925981998,-1.90567911,1.02118945,-0.160204738,0.571304977,0.0634136796,0.468475044,-0.337441862,-0.203545585,-0.09173242,0.405631661,0.432118416,2.81143689,1.68160212,-1.77875876,-0.143105477,-0.405895829,1.28013051,-0.315747976,0.46428889,-2.33706164,-1.51360083,2.09229326,0.0502443984,-0.998459995,0.242870867,-1.05305898,-0.283373535,-1.45261788
-0.788721204,-0.416336685,1.12069929,0.464046001,0.638524055,-0.0257746521,0.822849095,-0.873519242,-0.732705951,0.407591075,-0.279147387,-0.0138458479,-0.164135277,1.25345039,1.30555296,-0.626165748,-1.75986934,-0.71149689,-0.896960139,0.831748366,0.920497477,-1.03107417,-0.75450474,-1.47901106,0.134378523,-0.0449164286,0.789121807,0.497131288,0.610202968,-1.54200208,-0.626326025,0.948897302
-0.538576126,-1.62756586,0.807989597,-0.577265024,1.06263697,-0.0184147209,-0.277219445,1.36319089,-1.30265558,1.43422115,-0.639356017,0.162369862,0.171820194,-0.427119821,-0.762112677,-0.369822174,-1.01456273,1.96196067,-0.481130958,1.15894723,1.02717292,0.362929732,-0.135679036,0.193781853,0.572169781,0.100468464,-1.56674898,-1.81831133,1.50898826,-2.63471389,0.195685148,-0.23497802
0.160801142,-1.13996673,0.35067749,0.206016436,2.76101184,0.129980043,1.34823513,-1.49868572,1.02009535,0.226273298,0.269738674,0.283568531,1.70633817,0.255104452,-0.78412205,-0.615938067,0.817127466,0.447455466,-1.53047371,0.514641821,-1.08234239,0.438258022,-0.805554032,-0.281481743,-0.544808447,1.51891303,0.40184775,1.26111305,2.89521265,0.0468053408,1.5019902,-0.699455678
1.25487816,-0.807508826,-0.0184151307,0.536877632,0.694231212,-1.27255166,-0.867021918,0.611450076,-0.367716551,-1.39734852,-0.0709767342,-0.118971504,0.176914975,0.529241323,0.465651363,-0.768173099,-0.410828471,0.927788675,-0.543184876,-0.39509207,-1.50426912,-0.0286804698,0.345270455,-1.97549319,-1.07025039,-1.42172778,0.788352251,-1.91235125,-0.0786845982,0.717862129,0.187821656,-0.439958662
0.346468389,1.03697336,-0.107611611,-2.23893714,1.14773273,0.400264651,-0.0330763645,-1.98037183,-0.298308611,-0.875477254,-1.21627927,-0.136449426,-0.535966873,-0.470098794,0.739626348,0.25557214,-0.49551481,-0.62238121,-0.454858571,-0.247444227,0.584050179,-1.0425601,1.45843923,0.584771991,-2.73792791,0.085349232,1.04073668,0.388705909,-0.412340969,-0.0610917807,0.178319946,0.769588232
-1.41509485,-0.605018377,1.63857818,0.0329472236,1.52790213,2.98559308,-0.492034793,-1.19728112,-0.265530705,1.09899271,1.23889589,2.27197742,-0.036805518,0.488056511,-0.71176964,-2.50698495,-0.0396526977,-1.15375423,0.643357217,-1.88139331,-0.739332914,0.267679214,0.372362167,-0.0474392474,1.86734521,1.56946361,-0.684327483,1.60940969,1.76220143,-0.123902373,0.0454031229,-0.0507215522
-0.644999385,-0.545667708,1.31932259,0.437376142,-0.554189563,-0.925996065,-0.758110404,-0.163855225,0.913169861,-0.860081196,0.901702583,0.196956754,0.142841935,1.02579618,0.843358696,-1.40451789,-1.0840137,-0.229516491,0.355972826,1.36457562,0.0650675222,1.70369625,-0.706675529,-0.537578642,-0.30568251,-0.817227542,1.15940452,-2.76983094,-0.503568947,1.14820731,-0.312318474,1.07288647
2.19768405,0.0803846493,1.16893423,2.41913748,0.402090698,-0.0480631888,0.902465343,1.18421674,-0.0388152935,-0.483843654,1.71739531,-0.270614445,1.1937288,0.262867272,1.82696521,-0.849045932,-0.850980401,0.854486406,-1.13033926,0.116628461,1.54840922,-1.78483212,0.402139276,1.21174538,-0.0259076655,-0.92709285,-0.262608021,-0.838519812,0.0691582263,-0.276705563,-0.513260543,0.466147393
1.57911563,0.327820867,1.3436656,1.57882488,-0.586640298,0.274858505,-0.424947649,-1.48216379,0.355760872,-1.05214965,0.484303266,-1.55587804,0.170993,-1.57073295,0.673864782,-0.393380076,-0.489793122,1.1265049,-0.321570158,0.110852599,-0.198616207,0.507392406,1.04294491,0.835635483,-0.466668576,1.20904696,-0.916351378,-0.742481887,-0.127800733,1.04680049,-1.17015147,0.891484141
-0.0547470935,-0.433733523,1.09780633,-0.802670836,2.28567624,-0.176641792,0.149841711,1.54290497,0.17592968,1.18886888,-1.9531585,-0.442597032,0.396733791,1.08141935,0.769696534,0.676032126,1.06105781,0.475019664,-2.14318395,1.44220328,-0.837665021,0.313625008,0.181004763,0.047327619,-1.10604072,-1.93869328,-1.00237894,0.826238453,-1.44662189,-0.880280972,0.418046653,-1.02742469
-0.543048203,0.0818215162,0.282642752,-1.04722595,0.140942916,0.398854762,-1.27320051,0.214842975,-0.716583252,0.123915181,0.723079026,-0.176259026,0.913415432,0.790813982,0.907830119,0.403109938,1.1007669,0.385095298,-1.66726041,-0.792070627,-0.21125707,-0.087223053,0.357738763,-0.80695188,2.00870872,-0.102458313,-0.00768779591,-0.670749128,-1.00337672,-0.126303166,0.0275507234,-0.0869040936
1.6551559,-0.12630935,-0.0859292746,0.815295458,-0.171065822,0.539339066,-1.27904475,-1.27114451,0.122058563,-0.231617585,-0.809024811,0.121851735,0.209100097,-0.709896863,-0.518795848,0.216616556,-1.02107847,-0.604032874,0.53393513,-0.0238360297,-0.477202833,-0.903069317,-1.01321137,-0.131755486,2.02581263,0.56578666,-1.33286428,0.707216144,-0.758886635,-0.00485737668,-0.588860631,2.02275491
-1.13410795,0.313612252,-0.685323775,0.738828063,0.293453813,1.2545526,0.718117774,-0.693533897,2.91620255,0.555426121,-0.550661922,0.205540389,0.630833626,0.592794478,0.496028095,0.966482162,0.868171036,-0.847566187,2.10805416,1.96888781,0.800964892,0.0386967175,0.0558858812,-0.323764384,-0.194384232,-2.18678451,1.53026342,1.17745364,-1.67668676,0.889987886,-0.00771460775,-0.199046135
0.492841512,-1.74278724,-0.0112491818,0.079481177,0.0804489627,-1.36748946,0.446915954,1.05981505,0.407331467,-0.229187906,2.68904066,-0.924574792,0.773451328,0.243273705,2.01231289,0.386749804,0.601155221,0.50571698,-1.05832255,-0.868880451,-0.275667876,0.957382798,0.233096734,-0.206734881,1.37219977,-1.98242974,-1.29582012,-2.49659991,1.20831048,-0.0967261419,0.966291785,-0.109258331
1.0231837,-0.126752317,0.409911424,0.263513505,0.337707281,1.68473721,-1.62442446,-0.0683833584,0.197987214,0.0482870154,-0.397885233,-0.534716308,1.53001463,-0.0707210898,2.43794656,0.528275013,-0.289655566,0.552678823,0.108932868,1.34199929,-1.16772234,-1.80118597,0.360981017,0.835695922,0.285905451,0.672475159,0.525436878,-1.4804002,0.281239718,1.31678069,0.171766952,-1.30995822
-0.333857119,0.556756735,1.79563034,-1.95634604,0.361232132,-0.932207584,0.507727087,0.587831259,-0.233147219,0.631599188,1.13989568,-0.164571702,-1.33716023,1.42557287,0.82869488,0.563756406,-0.690966666,0.985435903,2.04242563,-0.121310331,0.0944926962,-1.06519067,-0.719542027,-1.07456934,0.130822524,-0.340778947,0.372800261,-0.891900837,-0.167556554,-0.953536212,0.18757157,-1.63232434
0.151578307,-0.278730273,0.180964082,-1.65226662,0.654715657,-0.29874289,0.21711272,-1.87007427,-1.24273324,-0.390154153,1.37550008,0.52727133,0.129875034,-0.924308181,-1.10626495,0.276655197,0.700689316,0.208974108,1.70955718,-0.682461739,0.179369941,-1.69317472,0.211045519,1.46937323,-1.04150891,0.842131555,1.4410398,-0.689712763,0.466939688,1.57963169,0.230475157,0.786714971
-1.77394938,0.597136497,0.517237723,-1.32621205,-0.964328647,0.60400182,-0.302711904,1.11193836,0.310726941,0.0564555675,-0.170449033,0.292682141,0.802932382,0.53385067,-0.423008651,1.2394371,0.657694221,0.385233879,0.0916971788,0.500049591,-1.83167899,0.24130927,1.64018297,0.219986692,0.0834773183,-0.595884323,0.49272728,-0.195074409,1.30929983,-0.863619685,-0.452304929,-0.60087806
1.83457911,-0.189765662,-0.548077464,-2.09059453,-0.911372006,0.52788496,0.523875713,-0.651203215,-0.595655918,1.85987103,2.69637966,1.14977264,1.55927992,1.77142525,2.21457148,-0.301927865,-0.878267944,1.83348978,-0.964294016,-1.02859604,-1.00563467,-0.131396338,-1.98437583,-1.4331094,-0.622338772,-1.19592535,1.06241179,0.0066482015,0.577021897,0.467530191,-0.206773087,0.988131523
0.452147871,-0.318400264,-1.68390989,0.520658374,-1.26130342,0.380283117,0.0788885579,-1.36036921,0.258397043,0.191319436,0.194947496,0.146996915,-0.652388215,0.59160912,-0.687655807,-1.07459092,0.674633682,0.936430573,0.606198072,-0.207194865,-1.93946576,1.48169017,-1.95509744,0.586061418,2.11023688,0.149466455,0.291233033,0.379320949,0.198167339,2.35061359,-0.843164861,-0.968726635
-0.327501059,1.74083161,-0.576876581,0.430298239,1.07100856,0.778983593,1.0180738,1.41798639,0.308231711,-0.457048893,0.147218898,-0.339053452,2.52155209,-0.53265667,0.483141005,-1.50086558,0.132818386,-0.287103862,0.675685406,0.70175302,1.41699851,1.33756936,-0.0663049296,-0.944386125,-0.827106357,0.302737981,0.157786116,0.257926583,-0.535110295,1.43723738,-1.47268379,-0.590465188
-1.07710707,-0.208973184,1.24656641,-0.28775391,0.101477332,0.664242864,-0.33531636,0.382627666,0.250755757,-1.13080931,-0.464315385,0.354585618,1.28219199,1.28126025,2.09548712,0.485457152,-0.413314551,-0.0639523342,-0.113764815,-0.407880217,0.382955343,0.42948851,-1.17375755,1.08817005,-1.83680356,-0.222481951,1.14931524,0.607391417,-0.356973827,1.96882355,-0.44007349,-2.00195098
0.452739686,-1.77851355,-0.831448555,0.622750282,-0.46085766,0.5806095,-1.15809929,0.858480036,-1.69094646,1.31863165,-0.475356251,1.53115857,-0.840512276,1.92476523,-0.957661092,-1.79394865,0.0431032777,1.233989,0.790788531,1.16297126,0.810520172,-0.820267916,0.766416907,0.0928339511,-0.70973134,0.179354087,-0.0563258044,1.4159925,-0.514877379,-0.561617613,-0.698638618,1.89684844
-0.642686427,1.29683828,-1.03138745,0.506623805,0.262509406,1.23336852,1.08837879,0.0818900466,-0.537075937,1.62496161,-0.636947453,-2.2677238,-1.85856545,-1.6150614,0.595695555,2.21446753,-2.03996062,-0.782554865,0.0890257955,1.54550695,-0.787937522,0.590799809,-0.250089258,2.60716152,0.144540295,0.355688781,0.0842569619,-0.414686561,0.949870408,-1.15902758,-2.00196242,-0.15019463
0.815563738,-0.58077687,0.186490551,-1.22069633,1.06266332,0.651909649,0.0197283197,0.168729782,-1.39357531,-1.34889328,-0.121991426,0.513734818,0.564378679,-0.362932861,0.745378375,1.42079151,-0.0886674151,0.309663892,-0.207854137,-0.12630631,0.169564322,1.70326424,0.915276349,0.825184405,-0.453742862,-0.89817512,0.389535427,1.24374533,1.72340441,-2.4526372,2.44638824,0.416986942
0.908930361,-1.7399441,-0.236905843,0.822847903,-1.17474771,-2.88831139,0.335505366,-0.0497826636,1.44133711,-0.159918472,-0.0867187902,0.697677493,1.03352046,-0.70874846,0.944498777,-0.52173382,0.0165216029,0.670769751,0.845136344,0.31831491,-1.08055532,-1.87025476,-0.18795599,0.971284866,0.449697435,0.242033005,-0.00702655641,0.30910185,-0.994091153,0.780201793,0.846306443,-0.355265498
0.437007636,-1.71654952,0.180047914,-0.13312526,1.25923288,-0.198642761,0.868664503,-0.391172498,-2.28610063,-0.225536317,0.196757257,0.150837511,0.165950507,-0.506454229,-0.323727578,-1.12634385,-1.99660563,-0.106459007,-0.745203078,1.07983553,-2.18198371,0.291018814,2.12148738,-0.182846427,-0.00274809077,0.426346779,0.504519463,-0.408507347,-1.00829625,0.652720809,-1.90806139,0.832228303
-0.391798526,0.00308515411,-0.525607884,1.43088257,0.249010712,-0.321737975,-0.349902898,-0.148157135,2.39694023,-1.31708837,1.08288217,0.56810528,1.53981173,0.629066825,0.00336300046,1.02002764,0.229768828,0.754956007,1.42821944,0.0925199762,-0.424384981,-0.643811882,0.450540394,-0.878168404,-0.349804968,-0.967568755,0.508339107,-0.752155781,-1.28673291,-1.11077547,-0.571088374,-0.480300814
0.251452655,-0.161623284,0.370310783,0.450612515,0.740499496,-1.90782464,-1.12722337,0.554886699,0.21141234,0.976932943,-1.54401767,-0.475154579,-0.296379924,0.166563794,0.0358773731,0.469077796,-0.11465396,1.37233627,1.69120932,-1.1178968,0.0451112092,0.797994256,0.585327983,-0.40784362,0.254864872,-1.5834583,-0.0191418789,-1.46030366,0.507978976,-1.11595798,0.163033172,0.319195598
0.0758638903,-0.631952882,-0.210368246,1.18107164,-0.424608409,0.0214301068,-0.556788802,1.02042711,0.0778307766,-0.763974011,0.00712525845,-0.241031885,1.39258206,-0.0446875058,-1.38274884,0.498633236,1.78608739,1.19693089,-1.10293365,-0.268728137,-0.0306831766,-0.0185488593,0.380961865,-0.344101012,-0.915623844,0.951800346,-1.12356603,-0.802116513,-1.12978101,0.61221242,0.106471308,0.883503616
-0.785193443,-1.25301313,-0.443900943,-0.182497293,0.209096313,-1.68239164,0.478730857,-0.89423871,-0.647415638,1.17370951,-2.18319678,0.322502017,0.318728626,-0.818784952,-0.447004318,1.22104681,1.96292353,1.06472588,1.88587165,-0.691331923,-1.58008409,-0.0526215099,0.804858625,-1.85475016,-0.926456869,-0.815395117,0.356563568,0.227619559,-0.775160789,0.179811195,-1.14480519,-0.426424801
-1.26478922,-0.150237828,-0.800489247,0.69037503,-0.0261870716,-0.226742744,1.76812434,0.383288175,-0.368154079,-0.583735347,-1.18117261,-0.0658838823,0.307613552,-1.91437602,-1.36398351,-0.516102791,-1.09818077,0.0432574861,0.182152048,-0.122307368,0.550174296,-0.5849123,-0.0459048599,-1.00331354,0.284619719,0.0759081542,-1.19853497,-0.155059382,-0.037821874,0.281011909,0.318118513,-0.721185923
0.763644636,0.523055673,-0.724579573,-1.1426971,-0.648151636,-1.47164798,0.208006516,1.18355989,1.4215461,-1.0893414,0.786804259,0.084500879,-2.3959403,-0.332397163,-0.443683058,1.21081793,-0.870954514,0.563064337,-0.107088335,-1.44580901,-0.552185297,1.53163147,-0.173370555,0.90586704,0.851054311,-0.448263854,-1.28342247,-1.15181828,1.45166707,0.151737407,-1.73382115,0.833960533
-1.78685129,-0.826124251,0.0812943727,2.52041912,0.816001058,-0.482389748,0.0283142962,0.919709206,1.42186332,-0.247639492,-0.218616933,-0.830048501,0.665158689,1.02597201,-1.93868494,-0.396806002,-1.21344602,0.15090695,-1.23794627,-1.32014108,1.1235193,-0.165594131,-0.0599061623,0.43168512,0.970818937,-0.41859284,-0.396314591,-0.392066538,1.08150887,-0.0681351274,-0.291098326,0.39089644
1.83125424,0.0742831454,-0.269447237,1.94299853,1.32980168,1.18482506,-0.500686765,-0.599827766,-1.83415449,0.964916885,0.0769971535,-1.80088782,1.20184755,-0.337350965,-0.214080438,-1.51296926,0.492198437,0.50177002,-0.0479875542,-0.418237925,2.6264677,-1.20336771,-0.721436977,0.708256721,-1.01443994,-1.08820689,1.1315186,0.605191708,0.484137982,0.181824848,-0.692153394,-0.252671093
-0.0790748149,0.846216381,0.425857365,-0.927843451,0.789542198,-1.67850602,-0.320421845,-1.14204836,-0.857103467,1.92658627,-1.47067416,-0.819194078,0.510401785,-0.47000277,0.155557737,1.42954957,0.65462786,-0.468682349,-0.133719474,0.530606031,0.634989738,0.0207527392,0.360608995,0.361582428,-0.0922265574,-0.605237603,0.742595613,0.291795462,-2.08097982,-0.825835526,-0.480671614,-0.201131359
1.20394492,3.20232582,-2.45882106,0.304406345,0.0695861205,-0.180489793,0.542939544,0.149788737,-0.361433983,0.0292426646,0.556566656,0.46147126,0.188632309,-0.583447635,2.81914282,0.359513313,0.762463212,-0.507802427,0.18957369,0.181608081,-1.91194975,-0.716660738,-0.735143363,-0.600456774,-1.06983912,0.0438560359,1.39735866,0.130488694,-1.18127048,-1.03090394,-0.377051145,-1.4156065
0.304457098,1.35309887,-0.575904191,0.0761339068,-0.428960681,-0.629627824,0.189576074,-0.663305521,-0.808400452,-1.61929142,0.0645882264,1.06700945,0.707308769,1.49199331,-0.674515426,0.850809395,-1.10263264,0.709258616,1.64418733,0.498381495,1.66181159,-0.598731995,-0.134231061,-0.915683687,0.0347898491,0.269673824,0.026035063,-0.474138945,-0.490715772,0.345170587,-0.159286931,-1.15180302
-1.89728606,-0.595488489,-1.38226879,-0.835569978,-0.423305243,-0.14609918,-0.66600585,2.19120121,-1.26110303,1.20921242,-0.162568003,-0.657526374,0.587576032,-0.452877551,-0.806964695,1.78980994,-2.19446015,-0.244873822,0.190071627,1.40802252,-0.398430884,2.66101527,0.759119034,-2.36729288,-1.45368278,0.236934006,-1.1438663,0.547833264,-0.453729779,-1.19602644,-0.964589357,0.851913631
-2.02295351,1.04527485,1.07453692,-0.331406802,-1.40444267,0.555864215,-0.486359328,-1.51511765,1.90914023,-0.884413302,-1.47215092,0.285050809,-0.0678474382,1.48618841,-0.380520284,-0.369956315,0.335228235,0.199517921,0.230037719,0.271951497,0.164616302,-0.416482955,0.832677603,-0.359897405,0.804350317,1.38776207,-0.677540839,2.40448332,-0.712612927,-0.705388188,0.539990842,0.441562414
0.0718152225,0.818251073,0.252630055,2.06574202,-0.0532254167,-0.854493618,-0.551709294,0.471324384,0.485951692,0.206476033,-0.849503577,1.10864806,1.93699062,0.0292253215,1.81060493,0.866255999,2.21868706,0.472644091,0.136603072,0.842401206,-0.433584988,0.407117397,1.33071649,0.81951046,-0.0309576578,0.200415596,0.75767678,0.724446595,0.750064373,0.339438111,-0.824544668,-0.665152848
0.461166769,0.831459403,0.701936245,-0.675216734,-0.151167363,-1.17427862,-1.39142871,0.0814793035,1.35815632,0.0998039991,1.90813541,-0.16410397,0.0312172081,-0.991006911,-0.347243994,-1.18993819,-1.54533732,-1.17293131,0.0852750912,-0.736706257,-0.499872804,0.409870565,-1.54879832,0.081036061,0.848075449,0.934559464,0.516567051,-0.0521822684,-0.623738885,-0.0823587552,1.65346324,0.273066193
-0.106881872,0.563692749,0.0497242473,0.225792944,-0.246717155,-0.414937764,0.99600029,-1.95034969,0.478601724,-0.476752996,-1.90521252,-0.974609435,-0.0360460877,0.101479232,0.74000448,0.808018208,-1.54671502,0.377503574,0.728543997,0.218922615,0.502441466,-1.93252075,-0.990215003,1.36604702,-0.279708326,2.223104,-1.27842236,1.5637722,-0.610705614,0.862435997,-0.29538241,0.115678146
0.595543325,-0.613353252,0.801106393,-0.26587376,0.178049937,-2.6451714,-0.337335289,1.26354194,0.694677174,0.886545599,0.0533176772,1.67627454,0.288438708,-0.660100102,0.855140865,0.922598362,0.629591227,-0.402933896,0.281472176,1.39332485,0.47755,-1.47776258,-0.628763735,-0.675265312,-0.754323423,-2.11128426,1.89057755,-0.876287639,-0.803948283,-1.94170845,0.866428971,-0.0908648521
-0.350913614,-0.298001349,0.587804377,-0.480021507,-1.98890102,-1.29153597,-1.34347153,0.275317848,0.930019021,1.46580565,-1.63489437,0.620270073,-0.615071177,2.9234581,1.3835541,1.70189536,0.802439809,0.381888211,-0.402582973,-0.599320829,-0.800105095,0.617575645,1.56040275,-0.356807828,-0.722348809,-1.48350346,0.24469167,1.22926748,1.27932727,1.37843871,0.415406615,0.0901886374
1.28225231,-1.11006129,-0.440844923,1.71084809,-1.07460546,-0.0344581343,0.631330609,0.0826985538,1.14941752,1.52567816,0.479664326,1.39006269,-0.928675473,-0.157539234,2.40519118,1.94293046,-1.27693927,-0.0127624087,0.136074632,0.416525692,1.27404261,1.83915913,0.037416175,1.12198579,0.648196101,-0.0211307779,-1.69815814,1.01847363,0.605193734,0.38958922,-0.981265903,1.95913732
0.152471885,-1.14137554,-1.30232036,0.677472413,0.707249761,-0.463010162,0.462625176,0.667606354,0.139925227,-0.701341093,0.961355925,0.837631285,0.567680061,-0.83373189,-1.33103251,0.0765239075,0.929571152,1.04037285,0.584381819,-0.450454175,-0.804207385,-0.0168668292,-0.0073839915,1.10729527,-0.479714394,-0.396649271,2.05499101,1.55122221,-0.882780433,1.46875191,-1.12188172,-0.434058726
-0.320243508,-0.0775916204,0.619756341,0.106473319,0.614727378,-0.401840866,0.374222636,0.0789668411,-1.3883301,0.483010203,0.0960553661,-0.713909566,-0.424842119,-0.400320739,-0.244918481,1.7589581,2.09025455,-2.72603869,0.488174409,0.954951346,-0.216076776,0.928090096,1.65416765,-1.37184203,0.133761883,1.95674717,-1.23776531,-0.115232341,-0.448397279,1.05189276,1.19124591,0.162327364
0.0322092958,-1.7191478,1.42300248,-0.353166312,-0.142325059,0.971599817,0.197599679,1.003842,0.603410125,0.203787059,0.310442716,-1.12277269,-0.148980126,1.08404708,-0.898640037,-0.715276062,-0.879624307,0.153380603,1.40252888,0.54715997,-2.17696261,0.648625016,-0.442090064,0.509382367,-0.149500176,-0.860456586,-0.0714715943,-0.441470087,0.307714939,-0.886005044,-1.12476981,0.732081831
1.10883951,0.5800578,-0.648772836,-0.740069926,-0.682489216,0.890394926,-0.825048864,0.884040534,0.636903167,1.23772693,1.06315303,0.542655587,-1.46868122,0.610128403,0.11547339,-0.373253733,1.36222422,-0.151335672,-0.529448926,1.12405622,-0.405092686,-0.579493225,-1.12715411,-0.820176005,-0.734389365,0.621047497,-1.01907229,-1.85783887,0.303229809,-0.633951306,-0.0162669178,1.28241599
0.0715447441,1.50962114,-0.0681468695,1.00695646,-0.547427237,0.107690647,-0.93296802,-0.81419909,-0.224666432,-1.32853401,0.159359977,-0.302759975,0.234579936,-1.31319094,0.701732337,1.69761372,1.48653305,1.90390658,0.0424309932,-0.352327853,0.487583548,-0.238219768,-1.74043715,0.819299519,-0.234401882,-1.46735275,-0.508282244,-0.211660147,0.0118325185,0.0238449965,1.36901975,-1.28854048
-0.152144179,-0.878963828,1.25616825,-0.561454117,-0.34382984,1.04969537,1.32477486,1.47262359,-1.64311314,0.48291409,0.270116955,-0.0512261465,0.0665681139,1.28577399,1.03858924,0.89691323,0.206914201,2.27059078,-0.400622845,-1.61596143,-0.265244007,0.0577377453,1.30318415,-0.510978043,0.491230071,-1.47724426,1.08141792,0.0683194175,-0.280556083,2.13165236,1.06990707,-1.03984189
-0.109391771,2.73631954,1.97881675,0.922963142,-1.84704816,1.33215022,-0.635185182,1.32351792,-0.722668469,0.488829553,-0.640282631,-0.363280296,0.622196615,-1.31889844,2.37241793,-1.02722144,-1.08315027,0.625133753,1.29194117,-0.323702753,-1.07146919,-0.922378898,-1.03001952,0.308179617,-0.0699861199,0.425832599,0.364869416,0.82431227,-0.409944028,-0.738204718,0.156294063,-0.0549900085
0.252952009,-0.711712956,0.642217278,-1.17837334,-0.440384656,1.12904131,-1.13131499,1.05024302,-1.40909934,-1.58522582,-1.49386227,0.116806164,0.729595721,1.29259408,1.21287072,0.862698615,-0.831783473,-0.840503514,0.787792325,1.4213084,-1.03114092,1.29399931,-1.92033744,0.389925092,-0.103807271,-0.204189748,0.0312711298,-0.853730202,0.446078092,0.0606684797,0.935311496,1.59039044
0.126916915,-0.818718374,-1.13789916,1.69825184,1.57037294,0.8873716,0.0598539039,0.815165579,1.30446541,-0.617956996,0.0297953021,-1.1062355,-0.129061624,1.5442735,1.07854784,0.1350068,-2.69323301,-0.655792654,0.102405965,-0.215913415,0.032772582,0.242589921,-0.533680737,-0.00753095001,-0.149443388,-0.703202665,1.84633768,-0.476458549,-2.25420928,1.78326583,-0.846275985,0.899908364
-0.680886447,0.569278121,-0.0481473617,1.00033081,-0.213704243,-0.655319929,0.257019848,-0.382491738,-1.92917287,-0.60150075,2.86876893,-1.82137287,0.241049826,-0.242896035,1.83641994,-1.11103833,0.101303436,0.686197698,-0.179294676,-0.767553031,-0.0221961662,-0.309496254,-0.3123025,0.930712342,0.402949572,0.551766872,0.330296189,0.959880412,1.30425966,-0.286713243,0.819468915,-1.29618835
-2.25305605,1.82640505,-0.333358437,0.252472848,-1.22521579,-1.27134371,-0.712943912,0.642897725,-0.516542792,-0.335790455,-0.744511068,1.16578805,0.868530035,-0.484148234,0.684116244,-0.245237008,-0.337549239,-0.0497107729,0.643233955,-0.892199516,0.502394617,2.49782085,0.183121175,0.0357180908,-0.0841676742,0.478211671,-1.6104039,1.70108426,0.981186926,-0.644515872,0.0315472297,-0.557348192
0.299235016,0.0613508634,0.228633553,-1.0283215,-0.481543511,1.14605796,-0.533791363,-2.64349461,-0.150630385,2.41149116,0.848877668,-0.584145784,-0.0506017767,0.67985934,-1.75625181,-0.856059015,0.398346871,1.59448659,-0.439323187,1.56701732,-0.754323602,-3.38551259,0.743810833,0.540398955,0.736184299,0.697104871,0.19175005,-0.258815169,-0.220688373,-0.460401416,-0.400390774,-1.8110348
-1.2143079,-0.163421303,-2.2408669,-2.00783992,-0.33428216,-0.128330916,-0.313355356,-2.37990737,1.55239522,-1.43623066,-0.81816107,-1.26176798,1.2990309,0.421420127,-0.473243117,-0.543655872,0.179593235,-1.24655426,0.380739391,-0.548644841,0.519639194,0.485722512,-0.593611598,-2.05271149,-0.246825233,-1.44947302,0.0786346868,-0.256571859,-0.587994874,-1.29556227,1.18678916,-0.453682303
2.35335088,0.0349296108,0.351589352,0.0392121933,0.341571718,1.09268737,1.10422635,-1.76660776,0.85549742,0.497139424,0.0358921997,1.71255088,1.75276685,0.904596269,-0.543533981,-1.19248319,0.754400134,1.35953355,-2.02865767,1.08629477,-0.254865527,-1.80900288,0.469396144,0.909386635,-0.351348668,-1.05735469,1.71209097,-0.668636978,1.15947235,-1.51305032,0.416005045,0.38750717
0.873416007,1.49298334,-0.813629687,0.520774782,-1.36656737,-1.37791491,-0.57833457,0.409327269,1.67686784,1.85894561,-0.35489133,0.305534452,0.943005443,0.765382707,-0.16945675,0.0761050358,-0.110180922,-0.208373949,-0.341410428,-0.119658493,-0.405814081,-1.1354177,0.862580299,0.516257763,1.87659371,0.369518012,-0.41696015,-0.626435399,0.0473660678,0.552875161,-0.244710609,-1.47025752
-0.739010334,0.0180250164,0.740283668,-1.48582375,0.265083462,0.221119523,-0.451576501,-0.586922228,-0.736323714,0.140806302,1.12681866,1.19778454,-1.1239804,-0.186978176,-2.19350982,0.10918431,0.597647905,1.57096124,-1.78645742,-1.0880599,0.144136801,-1.61838841,0.172212154,0.623002529,-1.28128767,0.132585377,-1.21221089,1.37542582,0.2066461,-0.640064001,-1.23814142,0.389149696
1.35793555,-0.771503925,-0.439644665,-0.752140701,1.55549252,-1.9086405,1.28559327,-0.3771981,-0.0716151223,-0.340634644,0.239600882,-0.729798734,1.05838311,1.098997,-0.983409047,0.667466938,-0.35649386,0.0516334884,1.5251509,-0.674034178,0.926549435,0.457125187,-0.194028139,0.367403567,0.248411924,-1.15835333,-0.606723845,-1.04525244,-0.276618779,1.34503531,0.581027806,-1.43258905
-0.273367673,0.233624861,0.744088471,-0.650767028,-1.23743176,-0.0563429035,0.569029689,0.234846488,-0.88467747,1.75461876,-0.098815538,0.193710268,-0.661967397,1.10650802,0.571846902,0.31466344,-1.15165484,1.09403026,0.756902993,1.01493335,0.0370293595,-0.0748611614,-0.182092875,2.2789979,-0.542446256,-1.18624485,-0.373256177,-0.53312701,1.25984681,-1.35599244,-0.56129086,0.190523162
1.2682929,0.713132322,1.61901736,0.34579289,-0.20361948,0.855556548,-1.36716092,-1.709885,0.976263583,0.210566819,0.964003801,-0.852372468,1.28478384,0.670358896,-0.0311203822,0.207347915,0.346927881,-0.85673219,-0.385014564,0.331122339,-0.425133914,-1.46941888,0.294888765,0.836034179,1.06853461,0.532310545,0.818307281,0.987509072,0.0796558186,-2.11891675,1.15978122,-0.893318295
-1.1308769,-1.1034075,2.48457789,0.440547675,-1.04161644,-0.683416426,-0.000724975776,0.542403758,0.279292345,-0.928606451,0.31714654,-0.611187816,1.04691505,0.0562966019,-0.759334087,0.688954115,0.383244962,-0.474865705,0.730092049,0.629117131,1.20182216,0.710138559,-0.213946879,-1.69052982,0.186646596,0.341804236,0.0511969402,-3.01087451,0.678829968,-0.912050247,0.685722828,1.70068467
-0.252797574,0.438484043,0.0327777863,0.525583565,0.103445105,-0.51698029,-0.904942214,1.59046566,0.438552976,0.830514908,0.399062902,0.975768089,-0.895967305,0.0831814408,0.505486131,1.29266965,2.67307615,0.407518625,-0.661100745,-1.19564307,-0.90481472,-0.774119437,-2.90108252,-0.675655007,0.716740727,0.0753997415,-0.258624613,-1.62195265,1.05041003,0.511813283,-0.0129316449,-2.20251918
-0.490772516,0.433718383,-0.0285673775,0.191938072,0.685446143,0.154738978,0.649675012,-0.843549073,-1.22277176,0.477360696,0.682408452,0.518973768,0.131586179,-0.324040949,0.210986003,0.379299939,0.439297438,2.60713959,-0.920803785,3.22599316,-1.25682104,0.385668725,-1.19484258,0.306243777,0.982122838,0.0325826816,0.973080456,-0.423682213,-2.04986405,0.626709104,0.0306383241,-0.47961396
-0.410561532,0.40658173,-0.814532876,0.375244796,1.18863702,2.06007004,1.40452659,0.161745429,0.257665098,-0.400248528,-0.465643466,0.872031808,-0.307510048,0.366099656,-0.962509513,1.37031269,-0.322456658,1.0879792,-0.703823149,-0.75671047,1.32803178,-0.626007497,-1.5679003,-1.0399406,0.856708705,0.760620534,-0.762501061,-0.631718695,0.673015833,1.31592059,-0.0687995404,0.554238439
0.873433053,2.15300322,-1.15571594,-0.668723404,-0.506473362,0.827524126,-0.25191772,0.312245846,0.121842951,0.00173712592,0.107396573,1.02990067,-0.970585644,-0.148456186,-1.21527779,0.226556927,-0.195528865,1.06924307,-0.00482322043,-0.443839133,-0.246710047,1.7234242,-1.57008064,-0.627516091,0.0360080451,-0.636426449,0.490681678,-0.0564854369,0.255984902,0.117828138,-0.103045397,-1.2908237
0.176092431,-1.76340878,-0.67196101,0.489205301,1.18968749,2.34941602,-0.428253978,-0.865124643,0.522283554,1.86996877,1.53274477,-1.03507924,-0.140509188,0.850367308,0.919711173,0.591861904,-0.448748589,0.582965195,0.929350793,-0.932020068,1.33023596,0.991959512,-0.741961479,0.92490983,0.81311363,0.851152658,1.57597303,-0.0104617793,0.331521302,-2.63872814,1.11582267,1.01958644
1.35603428,-0.936680436,0.962045372,1.01874924,-0.650916636,1.05596447,0.463040709,-1.69801176,0.584480822,-0.767206848,-1.67593193,0.366553277,-0.0653307065,1.4038136,0.181719124,0.778519332,0.508809388,1.02095735,-0.886407316,0.198536634,-0.140735909,0.653683364,0.255813062,-0.614037871,-0.33793354,1.64850271,-1.69435108,0.709364712,1.24144626,0.578837156,1.9710083,0.938515663
0.384123713,-0.466729552,0.402667433,0.681681931,0.00350042433,-0.742826581,-1.20422268,0.185406879,-1.48031616,-0.471542686,-2.43174052,0.833018541,1.15404665,0.0789480582,1.83145905,1.34738672,0.479785711,-0.113214359,-0.349398106,0.562491059,-0.141226843,0.548230231,0.62245363,-0.229579255,1.09578586,-0.228551254,0.0213385485,-0.977524579,-0.27061674,2.15819836,-0.900386572,0.437712371
-0.454491138,-2.21390152,0.558970451,-0.55612427,0.319041222,0.989718974,0.234598383,0.328298837,-0.867939949,0.706825376,-0.189684018,-1.99842858,0.827244401,1.13298285,1.48112249,2.1708231,0.773534536,0.513972104,1.09154773,-0.886995137,-1.67196941,-0.47700882,1.27724421,-0.661099136,0.465610594,0.573297322,0.244265139,-1.27763236,0.342705756,-0.421553463,1.70286119,1.13687849
-0.386293083,1.76573646,0.343711406,-1.67163658,-0.0783052817,1.63527799,-0.819838524,-0.0682399049,-1.35984635,-1.20113301,-0.834239721,-1.22739828,-0.618274093,1.73828328,-0.0360725671,0.785521686,1.09156907,-1.10843647,-0.831512392,0.765818715,-0.634283006,0.699587166,1.67732239,-1.45538294,-0.35693416,-0.198271379,-0.526366472,-0.607973993,-0.492120802,-0.0152507257,0.164884806,0.953410864
-0.0251186695,1.11817491,-0.591800094,-1.20136285,-0.304754049,0.462492645,0.860466719,1.46023357,0.290200293,0.753026009,1.36877942,-0.779246926,-0.210141003,2.77091312,0.856388927,0.510700285,0.893690825,-1.33567715,-0.646826446,-1.01229787,0.418608308,-0.368966073,0.095388487,-0.311016262,-1.62640595,0.884976447,-1.76219642,-0.727646768,-1.31547225,-0.879741192,0.201858565,1.2350229
-1.56099498,-0.557208002,-1.7490443,-0.605412006,0.0718920678,0.767077565,-2.11856198,0.550551832,-0.972640038,-1.21619081,0.0674876943,0.627146304,-0.100454733,-1.09313059,-0.100981005,-0.72517854,0.604032457,1.07535779,1.01146197,-0.0197484978,1.12266064,-1.02098024,1.78286636,-1.02658212,-2.03011918,1.36543643,-0.710134447,0.116738886,-1.03080809,2.36360335,1.82181764,1.54655397
0.0883577392,0.980699241,-0.053052064,1.12220132,-0.410609365,1.5847044,-0.460872322,-0.347290903,-0.466528982,0.192452371,-0.388195843,0.487255573,-0.480986983,0.790788531,1.51836705,0.0775471404,2.21832848,1.12752938,2.13823652,-0.0611989275,-1.66145921,-0.70613724,-0.604136705,-0.95302546,-2.19590473,1.02464676,-1.86001921,0.928879261,2.18554997,-0.778333247,0.3875705,-0.398632288
0.827075958,-1.1944108,-0.131791085,1.1211803,-0.04887053,-1.62862766,1.24165344,-1.29597592,0.0787341446,0.582644284,0.119850315,2.5374372,0.733813405,-0.202350125,0.602662921,0.209944636,0.0443694144,0.243787199,-0.434086978,0.212901667,-0.505491138,-1.89619625,1.14020061,-0.565447807,0.14138703,-0.760422409,-0.730236173,-1.03898919,0.948296964,1.18972158,0.0259345639,-0.536657751
-1.69307005,0.795431197,-0.676557064,-1.11726069,0.0292634219,-0.334125698,-1.51805425,-1.38072062,0.336543173,-0.655691326,0.510258555,0.146531314,1.04754198,-0.832145095,0.232717827,0.63827461,-0.626217484,1.12720323,-1.66627765,-0.832940996,-1.70368779,-0.735874951,-0.15458405,0.831500709,-0.155290335,-0.59537369,-1.54922283,-1.21417868,0.310205936,0.881454766,-0.419221938,1.21101451
-0.949917376,-0.39054063,-0.306145579,1.52941382,0.133659124,-1.79843283,0.951654315,1.8459276,-0.24974072,-0.897082329,0.864257395,1.96426463,0.848731756,-1.62300634,0.754681826,0.404207379,-0.954630315,1.28881788,0.438351154,1.31495857,-1.06147611,0.398777753,-0.895094752,0.247666985,1.47722542,-1.42641771,-1.36900115,0.955474675,-0.0141227748,1.17126322,-0.807284772,0.0511905923
0.688128829,0.210200191,-1.78874731,2.82259822,0.212324485,-1.34041703,0.314199895,0.429145038,0.993923545,0.927144885,-0.213844553,-1.72207963,0.461363018,-1.642416,1.21524465,-0.732757986,0.634960353,-0.656168818,-0.492035657,-0.800969839,0.7160815,-0.62134701,0.768532097,-0.595190346,-0.231418252,0.0355649404,0.153821602,-0.92420435,0.703807652,-0.271339208,0.543900728,-0.0162282698
0.586453915,-0.411341757,-0.789598107,0.426858246,-0.493733823,1.45878649,0.0676567033,-1.37363124,-0.585465968,-0.999304533,1.07291877,0.773540616,-0.061043296,0.290073693,-0.0876794457,0.860402048,0.519831657,0.699975729,-0.191845983,-0.631559789,0.665063083,1.55134034,1.10601044,1.58165872,0.162031844,-0.969991088,-0.881187141,1.37956989,-1.86194348,1.50475669,-0.787634671,1.92338991
-0.0706017911,0.722570837,2.38504648,-0.330147803,-0.346933037,-0.69483918,-1.00178325,-0.329824328,-0.554840863,-1.25025702,-0.210481107,0.449786574,-0.895905375,-0.162449807,1.40650451,-1.41953111,1.93166721,-0.674023569,0.200904101,1.27916312,1.58434021,0.469820708,-0.694505513,-0.782811284,-0.574892402,1.8892566,-0.383145511,0.323627412,-1.0437572,-1.15634394,0.0263922233,-0.324744344
-0.251705647,-1.47906983,-0.0734872743,1.54927015,-0.853038013,0.897435188,-3.46436334,-0.802345216,-1.91039062,1.23620367,0.878777742,-1.03433323,0.289277136,1.20170939,1.35719168,-0.405790657,-2.20885611,-0.89853996,0.766144574,2.09889412,-0.0543250032,-0.606821775,2.39936137,0.405732661,-1.22776806,-0.118907623,0.99992764,-0.0703741834,0.794360578,-1.60500741,-1.43417418,-0.734856069
-0.282193393,0.333948821,0.636760235,2.46611381,-0.738556802,-0.313989013,-0.710655272,1.07938838,1.13395035,-0.447655529,2.06574583,-0.708899021,1.02991784,1.45452261,-1.36157978,0.577632308,-2.72504616,0.824212372,-1.10160577,0.567469597,0.75498867,1.12013853,0.890215337,0.0558949932,-0.380476505,-0.074389331,-1.11600149,-0.211687952,-0.290695637,-0.788218498,-1.74119318,-1.27693617
-3.15011144,-0.30787918,0.360498637,-2.68256617,0.23671478,-0.122474164,-1.17675579,-0.431205213,1.05080414,-0.974189043,0.078851074,0.346595913,-0.822207332,1.00827098,0.403840959,-0.251910925,2.36324048,1.01257849,-1.68616092,-0.389157414,2.46664262,-0.982181489,0.0663337931,1.23099339,0.652321577,0.796469331,0.737591386,0.0253927261,-0.79231441,0.434764206,-0.402776629,-0.481351197
1.48247194,-0.380995989,1.70613039,0.256766349,-0.159147725,-1.81756175,2.11985564,-0.00596955512,-2.27077985,0.987725616,-0.0501918122,-0.931325436,0.931183398,-2.54873228,-0.714095175,-0.299402386,0.852187932,2.24025154,-0.244768813,0.459944189,2.74838829,0.00473680766,0.468199044,-1.23735154,1.95916712,-0.712976336,0.268571287,0.240235791,0.0853383243,-0.434313685,0.241326243,1.75734746
2.28093386,-0.175142869,-0.449463278,-0.808764398,2.68613553,0.128834903,1.11504257,0.696660638,2.20840168,-0.247700274,-1.1070683,1.85945177,0.903306425,0.456283092,1.53519261,0.51333046,1.56990063,0.246591896,0.90194881,0.526391327,-0.325283736,-0.205390438,-0.392862201,0.265487105,-0.455802411,0.435899556,0.401901573,0.205154136,0.222518668,-0.566158414,-0.281976372,-1.67060888
-0.119869344,-0.985811234,0.0998524278,-0.714489102,-2.05067277,2.25244308,-0.231429368,1.44705784,-0.526989698,1.69811642,-1.15169787,0.176031575,-1.09228945,2.60074329,-0.249261469,0.828452528,0.450577438,-0.0255156271,0.517719865,1.35917294,0.668205917,0.162454873,0.519322932,1.9150387,-0.416810364,-1.85388696,-1.09650099,-1.02212346,-0.881279647,-0.84690696,-0.0235995743,0.247417927
0.236671731,-0.730277896,0.993900061,0.534455836,1.5813086,0.846761048,-0.34953177,1.30548835,0.273586094,0.79797864,0.720429718,-0.124319836,0.103270382,-0.131374627,-0.852946281,-2.14469481,-0.693805575,0.199165657,1.08558488,0.79598999,-0.279613107,-0.680176616,-0.179874197,-0.975006461,-2.11526966,-1.54514468,1.37474132,1.8572849,0.753941,-0.0581526235,-1.39298034,-0.161132023
0.611839235,0.829881251,0.688811004,1.20956802,1.94295228,-0.405022353,2.80531216,-2.01993752,-0.778311431,0.200000256,0.549025893,-0.181635648,-0.495765954,2.20258546,-0.543522596,-1.01937401,1.6908257,0.849152684,1.09471726,0.195871234,-1.3759867,0.0846197158,-1.51368761,0.242307067,0.653402925,1.07541966,-0.0923881009,0.748089671,-0.903845549,0.966631472,0.674577951,-0.800257623
0.530362666,1.0897212,0.0786459222,-0.822512627,0.177755803,0.552450776,-0.830019474,-1.00764394,0.52162236,0.823317945,2.14975739,0.665726602,-1.20908165,2.03978348,1.05498719,-2.0052712,-1.03029001,-0.491558433,0.838098168,-2.37945485,-0.119112417,0.781048834,-2.83411241,0.746758401,0.866943479,-0.846652508,-1.15328729,-0.862293541,-2.67209792,-0.326189905,0.219596252,-1.21933675
0.972049594,0.102567181,0.260017753,-0.401996672,0.743043959,1.29056072,-0.407518655,0.761031747,0.772027433,0.417870611,1.67705417,-0.726489663,-0.421548307,-0.77695936,0.72502166,-0.272486269,-0.695749164,1.66314757,1.80950582,-0.328692913,-1.36740804,1.8635174,0.470730543,0.420722365,0.10500101,-0.800317705,-0.413285464,0.67772007,-0.44756037,0.432983518,0.013365577,-1.05688703
1.62113059,0.594032943,0.330647677,0.555021226,-1.79289174,-0.49317959,-1.5273006,0.124686219,0.325912207,0.141338825,1.17858911,-1.49735224,-0.79925096,0.414348006,0.263936669,-1.31543076,1.19652987,1.54322207,0.425586998,-1.50907135,0.159725249,0.340342551,-0.271842331,1.34724462,-0.115938663,2.10454226,0.783117235,0.276080132,0.920427382,1.53088522,0.899052024,-0.0758350194
-0.659920275,-1.12210739,-2.44071913,0.174233377,-0.387669653,-0.334128529,1.02885759,-0.112072513,1.89510369,-0.573099852,-0.97095114,-1.25763643,0.722751081,1.15148604,-0.594394922,-1.06398273,1.53027618,-1.4504019,1.01022017,-0.570981383,0.397095352,1.0769217,0.476256192,-0.295256048,1.3960973,0.289101392,3.68250942,-1.70515466,-1.71992695,0.99426055,-0.031751167,0.792609394
-1.09838092,0.0541327484,0.457317472,-0.543710828,0.231829703,-1.36152613,0.394822866,1.44544804,-1.23757792,-1.29795337,1.18992102,-1.31563783,0.840600967,0.0553484857,-0.417821944,1.46652484,0.928147793,0.279715627,-2.15266657,0.71225369,-1.07085991,-0.221381947,0.00733406842,1.89727736,-0.253242046,-1.42277181,1.46964371,0.725732207,0.762975812,1.48841798,1.7232089,-0.891734064
-1.39098978,0.842469215,-0.262467325,-0.171778008,-1.12166941,0.583896637,0.40213117,-0.155498087,-1.38834226,1.20915008,0.255704522,1.11784375,-2.10301256,0.056823153,-0.716898799,0.0361472853,0.943210542,0.369947374,0.0181222335,0.0127804354,-1.55976522,-0.90656805,1.12128758,-0.505536854,1.14041901,0.826370955,0.879205108,0.332914382,-0.436008245,-0.151152059,0.640385926,-2.12561417
1.24377644,-0.500119448,-0.0862841606,-0.0776625425,-0.0398325808,-1.31364167,0.151725039,0.594364643,-2.04445148,-1.30078578,0.895865381,0.709797144,0.298741221,-0.682148099,0.71561259,-1.20290065,-0.137336046,-1.30649292,-0.162001938,-1.03039086,0.755810857,0.433181822,-0.570575595,1.09029925,-0.956315339,-0.035284467,-0.614821315,0.742371798,0.643442452,1.30195653,0.0829844475,-2.95959687
-0.430868477,1.5652597,-0.324994653,-1.91753626,0.44933185,0.524059355,-0.727198958,-0.246749103,-0.84729594,0.522569716,0.0565994494,-1.16577518,-0.0095438268,-0.733024359,1.46106064,0.893697739,-0.122279346,0.0810641572,1.01377618,-0.173610389,0.758392513,1.47738612,-0.490882069,1.64614511,1.35511684,0.248558804,-0.443911999,0.236111537,-0.24450089,-0.792771876,0.5322752,-1.02352428
-0.338554591,-0.325401694,-1.36525941,0.658472002,-0.228338048,1.29884326,-0.244653001,-0.40659517,-0.904642701,0.0390292071,0.0446782336,0.741766751,0.0670189932,2.09391761,0.456217259,-0.98683697,-1.07147634,0.53479749,-1.01832807,0.594844401,0.895639062,0.919742167,-0.869187236,0.921471179,0.322589248,-0.607871056,-0.159401149,0.47127977,-0.672851086,0.301859438,1.44560194,0.964056134
0.0819861963,0.234142601,-0.53806293,-0.509896398,-1.53719628,0.251109719,0.682498455,-0.070843488,-0.877324224,0.0661284775,1.34176457,0.897981644,-0.0294743646,2.04743052,2.69871688,-0.480142623,-0.245884761,0.693331301,-0.912976384,0.849134207,0.101467691,0.371638477,-0.575437844,-0.787703335,-1.98546541,1.48478091,0.941446424,0.673358977,0.348326147,-2.30422783,-0.751101196,-0.256080955
-1.08134639,-1.69352198,-0.977362871,0.0491429493,0.049398981,0.907522857,2.06317973,0.685761511,-0.175549686,1.80032647,-1.58193648,-2.07884312,-0.886723399,0.812187433,0.168560252,-1.12832367,-0.727094531,-1.24148345,-1.24150836,1.55105782,-0.143434972,1.76958203,-0.89001435,0.491125017,0.227082655,0.879681587,0.25454849,0.985083401,0.554197609,-1.09127188,0.732714772,-0.103099033
-0.77671957,0.693977773,0.921558559,-0.483565152,-0.350564927,-1.38712025,-1.80472708,-0.242308304,0.792054474,-0.573265672,1.42779362,-0.205073997,-0.201009318,-0.289091706,0.981592596,-0.958910584,-0.128960162,-0.547371924,-0.561568022,0.0351543427,-0.113323294,1.05167127,-0.0107741999,0.555005729,0.172755152,1.403759,-0.302384973,-0.299571395,0.745038569,-0.316002846,0.498391688,2.33791447
-0.978952646,1.53167045,-0.492206633,1.33767867,0.686045825,0.600327671,-0.150963143,-0.250503272,-0.722007573,0.00627604127,-0.183911443,0.191018254,-1.41065514,0.0226451196,1.26265299,0.944048524,0.023001777,2.56241798,-0.577353299,-0.0866720453,-1.45051503,-0.403635323,1.78781414,-0.365481168,-1.5278312,0.871998906,0.389210254,0.830646038,-0.297051072,-1.00712383,-0.183623299,0.554844975
-0.0723269433,0.387955159,-0.536818266,0.425096542,-0.00301393797,-0.705873907,0.139950156,-0.386692137,0.617164493,0.873156905,0.5015378,-1.63498735,-0.964770734,-0.636576891,-0.796314061,-0.542846978,0.925248504,0.698654413,-0.423851341,0.591793656,0.328842044,-0.0328588113,1.14822471,-0.661296308,0.0527595356,-1.05086005,-1.00292945,-1.36076498,-0.985857129,0.0831005648,-0.302484185,-0.269871294
-0.299163133,1.77274263,-1.13718009,-1.2440933,-0.845422566,-0.071894832,0.514771342,0.618587613,0.944638312,-0.108238868,-0.396321118,1.63346064,-2.7842083,0.0627590194,0.430006951,1.87368405,-1.66056621,-0.420137644,-1.35761023,-1.79827642,-0.204525694,0.833093762,1.20596957,-0.531872809,0.666526258,-0.197718695,0.556573808,1.15447521,-0.194230437,1.07697439,-1.21302724,0.656510532
1.03367329,0.930209219,-1.18502128,-0.205810994,0.302175134,0.443052441,0.115875952,1.42918622,-1.29564595,-0.240250841,-1.68777215,0.621248782,0.554619431,3.34860325,1.02635968,0.331365138,0.254895061,-0.316610903,0.130487695,0.276248962,-1.96475935,0.196913585,0.10100957,1.7540133,-0.131671757,-0.765545368,0.268532068,0.0743480697,-0.130600616,-1.27898884,-0.156019494,-0.579191864
-0.216481492,0.732153237,-0.674514353,-0.221232489,0.541204989,-0.269402295,2.60918593,0.248866498,-1.24189699,-0.839302719,-0.93993479,-0.825026274,0.536978126,-1.10650945,-0.331205755,1.14274693,-0.519772172,0.671486557,-1.68297029,-0.370615065,-0.88594538,0.299770951,-1.03477812,2.06965685,-1.63938487,1.13578117,0.878277063,0.309861153,0.0544332527,1.85495865,2.47096395,-0.207266688
0.157769367,-0.552400231,-1.16928744,0.463112742,0.249622405,-1.61022127,0.456001997,0.283139855,-0.601244688,-0.666522682,0.423779756,1.60888171,0.398395628,0.780484259,-0.832196414,-0.414272398,0.608016789,-1.35834491,0.207201704,0.493423045,-0.0385341011,0.319372028,0.057819847,-0.622161627,-1.17810678,-0.0903133526,1.30450594,1.02438068,-0.345332295,-0.366104424,-0.439712375,-0.439583868
0.28774941,1.05748141,2.26280928,-0.829847515,0.651180327,0.542334378,-0.329746425,-1.0260092,0.275373101,2.11987972,0.269047111,-0.787231624,-0.157266304,-1.14017403,0.0185102858,0.683408022,-0.692600071,-3.25560999,0.276881069,-0.501552582,-0.750669837,-0.759301603,0.400251925,-0.407905906,0.930445611,0.952451646,-0.270631999,-0.520865977,0.12770851,-0.145393178,-1.75251365,1.91410375
0.71433574,-0.463485032,-1.91638327,-0.180431858,-0.587976813,-0.0605732016,-2.16387057,-0.472246647,-0.411321908,-0.192275271,-0.236207679,0.0522508323,1.52117741,-0.515014172,-0.911157966,-1.72733057,-0.51111114,-1.40125096,0.9600963,-0.0961058289,0.939464986,1.46569705,-0.865057886,-0.347359747,1.33168685,0.189217582,0.521509945,1.03297758,0.896514654,0.410359561,1.39636147,-0.0682543069
0.519414425,-0.176758498,1.02055168,-0.700764656,-1.68285632,0.65492481,-1.0201385,-1.11924267,1.26492989,0.966279566,-0.342500716,-3.04546309,0.533240139,0.662504852,0.516811311,0.470853478,-0.181389168,-0.410469145,-1.10616183,-0.697396696,0.321484655,0.337926954,0.789824545,-1.4064312,-1.6592257,-0.379705101,-1.01994765,0.185987458,-1.30987656,1.18023217,-0.822060347,1.59267426
0.524301827,-1.05523205,2.09474492,0.265452325,0.166119412,-0.065212056,0.46655333,0.525420606,-0.864973962,-0.213551447,0.11570096,0.582740486,0.599689305,0.164541796,-0.55032295,-0.601591885,-1.19148839,0.59260118,-0.615977108,-0.19175449,0.237743914,0.00393416826,-0.00561131677,-0.904961944,0.268862545,-0.31282866,-0.0864004493,1.15796852,0.505318165,-0.570805609,-0.14891392,1.59943688
-0.307382464,0.0398812443,0.664145589,0.215191483,-0.372818112,-0.743420541,-0.0100989416,0.658019364,1.3209002,-1.46535408,1.76278436,-0.288409054,0.924826682,-0.737535298,-1.61083937,-1.3129462,-0.330956757,0.524093151,0.0311924573,-0.250234634,1.11802328,0.00198582117,0.279784679,3.11102724,-0.00803850684,-0.695845127,0.480959773,0.734088957,0.300983459,0.156912461,1.48223102,1.35724723
-0.117101155,-0.643494546,0.429202855,-0.649233341,0.885161698,0.424056262,2.67003107,1.47329688,-1.07874048,-0.518788695,-1.91395032,-2.13774681,0.113826871,-1.19238365,1.64118576,1.15791547,-0.271494448,-0.328312427,1.4853729,1.71460724,-0.932597935,-1.06118309,-0.301091135,0.431191713,-0.513671637,0.452214152,1.95029867,-1.40603125,-0.44567588,-1.38699186,-0.836584806,-0.294676483
-0.727211177,0.51997757,0.150956288,0.299019068,-0.306697786,-0.214607984,-0.350690544,-0.248657733,0.419009298,-1.92349064,0.287941337,-0.868730545,-0.338857651,-1.56153286,-0.358671695,0.277884036,0.457084358,-1.18633151,0.40883863,1.13977611,-0.493690044,0.000913115044,-2.06854653,-0.897034049,0.27052021,0.955467403,-0.599277794,2.66938615,0.313889652,-1.27335691,1.28718269,-1.25294316
0.328427017,-0.929241061,-1.35743439,0.962152183,-0.25977695,1.72567201,-1.01793361,-1.55964065,-0.479665488,2.89050889,0.833915591,0.55389303,0.586939216,-0.484843433,2.72935033,0.458085418,0.364316285,0.984862924,-1.27324319,-0.879346907,-0.245513886,0.991328239,-1.29805303,-0.0673544183,-0.208849519,-1.57438576,-0.508931637,0.542252123,-1.48326969,1.41133463,0.468045384,0.346006662
0.00818807818,-1.09232199,-0.649696827,0.361854702,-0.651655197,0.188749075,-0.898881316,0.451429904,0.526080608,-1.62768865,0.0673085377,-1.52166796,-1.86104095,-0.593892276,2.79691768,0.775387943,1.39210403,0.608416557,0.205443382,0.895391643,-0.639571369,0.470514625,1.1770978,0.699421704,1.24277997,0.182600155,1.69208062,-0.208231747,2.11769247,0.573607445,-0.38394627,-1.1791302
-0.807991028,-0.959361672,-0.0887192041,-1.27395833,1.29275846,0.110722877,0.0701496825,-1.1653868,-0.769037724,-2.22036743,1.61780512,-1.41771662,-1.34190369,1.41317344,0.387564659,0.120736785,0.340268463,0.953900397,0.099875316,-1.54353476,0.733189881,0.42234388,1.17155337,-1.2490989,-0.729341924,0.39208889,-0.944511592,-2.35284257,0.197330579,0.89500761,-0.12893182,0.548135102
0.403367519,0.0104953572,0.135963157,1.34913814,-0.964250565,0.773044825,-1.1808778,-0.794780195,1.19591737,-1.20983136,-0.241591245,2.3613472,1.0255506,-0.737171948,-0.565825224,-0.170116127,1.31194425,-1.00164711,-1.06216896,0.713353038,-1.68113697,-0.911077142,-0.0850889832,-0.0338202119,-1.36461985,0.353740394,0.553764999,-0.662489355,1.6607573,0.339606076,-1.00485897,1.62078059
-0.52332437,0.178873464,-0.48678121,0.624153078,-0.481528282,-0.420856327,-0.159977645,-0.501950264,1.07181454,-1.25779331,-0.0371476747,0.0894650668,-0.124634281,0.968298614,-1.50394797,0.567917228,-1.2449522,-0.508776546,-1.34769011,-0.332091182,-0.578211248,1.63827181,0.241366401,0.439786017,-1.10750353,0.740077138,1.63822603,0.869909167,-1.31201255,-0.464141846,0.108490109,-0.57716316
2.53299093,-0.48227644,-0.0433513522,-0.600228012,0.231683716,1.38234997,0.114855453,-0.219013259,-1.07391047,1.20883632,-0.143693939,-0.186696291,-2.33893728,-0.127216607,-0.401104987,-1.82600439,0.989611447,-0.535242438,1.89556885,1.41444159,-0.719903588,1.3693136,1.61054218,-0.55903554,-1.03266013,-2.15535474,0.380441606,-0.973325849,0.410492927,-0.567851007,-0.779731572,-0.561491251
-1.29981697,-0.561953306,-0.736612678,-0.0141556384,0.104258083,-1.0711751,1.10080516,-0.159568638,1.50243938,0.241082296,0.0691040382,-0.490978092,0.614839375,0.0335667506,0.858465731,1.60466242,-0.726852894,0.613463581,0.585116148,0.458111912,-0.433199167,-0.4129664,-0.583882153,-0.603717089,-0.840124488,-0.104497284,-0.757818341,0.435643703,0.0569540896,0.169122577,-0.273489118,0.0688982904
-0.247322485,0.779543102,-0.44238928,0.375524461,-1.30637097,0.712074816,-0.559260905,-0.91227138,-1.13879967,-1.2179215,-0.48147133,1.49862766,-0.643322885,-2.2091713,0.365466297,-1.1142565,0.814807594,-0.421076745,-0.274008006,1.19731081,0.617729485,-1.24637699,-1.09925854,-1.78353,2.60322094,-0.862707257,1.16981304,-0.532274544,-1.07985556,0.021560777,-0.32666418,0.801874697
0.814383924,-0.590140998,-1.4399544,-1.19716406,-2.28245807,-0.27445963,-0.0118003488,-1.14282787,-1.26365113,-0.0160838775,-0.63195467,-0.212928951,-0.367224842,0.248730242,-0.565279007,-0.488744199,-1.88179874,-0.0503325649,0.0886918232,-0.177699447,1.911834,0.162778705,-0.156477109,0.499144971,2.11286354,0.252723038,-2.22348332,0.432058543,-0.879235446,-1.92247522,1.69756126,1.4814465
-0.905177534,-0.898631096,0.160167217,-0.885178864,-0.135073647,-0.713182032,-0.400402308,-1.40435517,0.826898336,1.203789,-0.100203991,-0.0362425037,0.629157007,0.00190114486,1.72956383,-1.31636286,0.860941947,-0.114202365,-1.12121248,2.24708867,2.38520026,-0.207869932,0.444725335,-0.47118625,-0.310294837,-1.13249922,-1.28026223,1.84414995,-0.0387678854,0.0505849272,-0.810518205,0.189970195
-1.50379419,-0.773738563,-1.19977474,1.29288411,-1.65189838,-1.17921555,-2.0475893,-0.890012324,-0.459520996,0.977780402,-0.221997842,-0.410586923,0.299908131,-0.442903131,2.40990782,-0.591003418,0.413711786,0.826455772,-0.619714022,0.165372327,-0.500845432,0.274020821,0.100924194,-0.140282989,-1.15556359,1.86369479,0.586399257,-1.58863735,-0.420369595,-1.56939602,0.762081385,-0.0217827018
0.00407777494,-0.842367232,-0.315563977,0.787184119,1.05583215,0.846421123,-1.55216682,-0.186116025,0.253313452,-0.734775603,-1.65901577,-1.28663051,1.49977481,-1.19146132,0.0475606993,-0.156334996,-0.153781682,-0.319861472,0.789137006,0.0356129184,-0.625654638,0.0513438247,-1.27754414,0.475944608,-0.680966854,-0.623371124,0.513047516,-0.40731591,-0.351016164,1.1676302,-0.973187745,0.498385012
0.949524045,1.16689718,2.17652011,-0.64214021,-0.867935836,0.817215443,0.940241098,-0.790734649,0.484804481,2.72420692,0.104664408,0.923498809,1.5767374,2.50374603,0.245699629,1.25303352,-0.78849411,0.0248809438,-0.446452469,-1.88534069,-1.60303378,0.430032581,0.449688911,-1.0416286,1.55738533,-1.10998166,0.257268965,-0.415239453,0.106948026,0.898533285,0.757342041,0.70784229
0.580155611,-1.27274442,1.13452959,-1.06028855,-0.106034093,-0.351326913,0.350123286,-0.484715253,-0.15851061,1.61886799,-1.2952534,-0.00246643159,-1.11412716,0.674349666,-0.726728797,0.0385364406,-1.32466495,1.29153979,0.0727899149,0.137765512,0.829061627,-1.25140858,-0.615022302,0.170054168,-1.7619884,-1.65462673,-0.8212623,-1.14099765,-0.343863338,0.522432148,0.749880314,1.80941069
-0.0226244442,0.154358804,-0.024880562,0.320268273,0.398367405,0.92211777,0.918208241,0.519363284,1.51017284,0.0267570596,-0.611567676,-0.448045045,-0.105834849,-1.08363509,-0.613367558,-1.13983762,0.343960255,0.353821099,-1.76891506,-0.654082119,1.82518888,0.629779994,0.454336494,-0.664253235,0.287282556,-0.0145099182,-0.796746373,-0.493789494,-0.471253425,-1.48867321,-1.32356727,-0.199468777
-0.847998083,-0.300918132,-1.60565281,0.801326036,2.08047938,1.02739561,1.13053465,0.626122475,0.26558584,0.0865228996,-0.914526641,0.690055788,0.630708456,-0.463009596,0.526004076,-0.693945289,-0.630255342,0.775105357,0.430527419,-0.231944337,-0.347666144,0.174772754,-1.83540058,-0.757769406,-1.26510906,0.0118530672,1.08861852,0.477158725,-0.511497974,-0.706596851,-0.753866374,1.9996171
0.068062298,0.199750945,-2.11112952,-1.1809386,-0.0441768803,-0.498162061,0.133058086,0.119878873,0.600452244,-1.86916161,-1.10522854,-0.0996123254,-0.647403181,-0.310277581,0.109027423,-0.744933009,0.19227013,0.543984532,0.0650790706,0.720727801,-2.17294145,-0.586034954,0.892330885,-0.864353061,-1.00005901,-0.126268193,-0.0173190311,-0.534696937,1.84357381,0.286490768,-0.902882874,-1.43950748
0.405576527,-0.92657876,2.15261936,0.427942812,0.559971988,0.248687163,1.1215694,-2.39534879,-1.20327008,1.03413796,1.50057995,-1.23528206,-1.81863117,0.16752179,0.485412419,0.147382379,-0.0596290752,-1.85185504,-0.375010133,-0.225901037,-0.548240185,-1.91873848,0.584736526,0.865762472,-0.794644535,-0.185971603,-0.496911556,-0.487192273,0.49316588,0.517318964,1.07477129,1.05392897
-0.171806097,2.84210443,1.54995191,-0.658139944,0.12659879,-1.98581338,0.0272576325,1.67369473,2.78130436,-0.121278532,0.334882379,0.605312049,1.97970355,-0.98297435,2.65551305,-0.317071885,-1.17015398,-0.315261215,-0.809605002,0.419255704,-1.65239418,0.141640037,0.663968921,1.48283398,0.680606067,1.42127442,-0.605667651,0.394190252,-2.22922707,-0.11398796,0.386751294,0.477232546
-1.57407713,-0.390165925,-0.250760496,-0.429075092,0.725005865,-0.216827437,0.0993269607,-0.489619613,1.06482446,1.13923419,-0.308341742,2.85058928,-0.766477823,1.0071969,-0.95100069,0.773024261,0.695003986,-1.01173806,-0.130602971,1.86773944,-0.81430155,0.401865989,0.335483879,-0.0422829539,-1.73113036,0.828625023,0.0116162822,1.10384572,0.231758103,0.0644692332,0.37254104,-0.987530828
1.55810618,-0.375414342,-0.362561524,1.29229629,0.247342199,-0.236450031,0.413820088,0.625984073,-0.118339628,0.922330081,-1.27055442,0.261809796,0.800269663,0.621795118,-2.24104953,-0.126592562,-1.21403694,1.28577173,-0.390673906,1.17470384,-1.21704388,0.390642792,0.00794060249,2.76406932,1.17792773,1.11388421,2.02780771,0.283767581,-0.099506259,-0.21352388,0.327816665,-2.77012253
0.0023262077,0.226791531,-0.15585047,-1.53090751,-0.149836585,-1.53369915,1.7737577,-0.257350206,-2.06270409,-0.206510946,0.895398378,0.176078081,-0.913856089,-0.678248167,-0.286847234,-0.43966344,-1.25956619,-0.0675977468,-1.33373427,0.949044824,1.07110584,-1.00318742,-0.716643929,-0.423000127,-0.0315177925,0.256847739,0.46305272,0.439721853,1.55386555,0.0603640638,-1.30248153,-1.6091814
1.63578689,0.509655893,0.206452325,0.449011445,0.160268918,0.433188915,-0.372588426,1.05519664,-0.52486527,-0.903287113,-1.69084466,-0.237724707,1.26750255,-0.457350135,-1.37854791,0.284828097,-0.651067793,1.54826713,1.07459772,-1.27089477,-0.173894733,-0.755271316,-1.16050458,-0.0559344925,0.818232775,-0.0817072913,-0.516151249,-2.2062366,-0.665815294,0.551804781,-1.34194088,1.28256214
-0.583634853,0.193719819,-0.399139166,-1.17631674,0.440296054,-0.598012686,-0.833031178,-2.37614918,1.30268681,0.0061487481,1.10656941,0.620192409,1.10643244,-0.56414479,-1.3724556,0.762692869,0.130198747,-0.46636638,0.742713392,0.308130592,0.638938487,-1.02239442,0.977616489,-0.00463067601,1.08487022,0.968253314,0.686298013,-0.111126214,0.709569216,1.1107856,0.606732845,0.20259735
0.711848855,-0.525704503,1.51398957,-1.68182743,0.0344027206,-0.405957907,-0.640891671,0.305195987,-1.12547565,2.15193224,-1.35210538,-0.951268017,-1.04568362,0.198498115,1.01454413,0.526006877,1.47234428,-0.827268064,0.658721447,-0.303536624,0.228074118,1.10868108,-1.69227028,1.99100852,-0.145244002,-1.60662746,-0.69284749,0.102305233,-0.693076074,-2.04789305,0.0967990607,-0.721749544
0.651139975,-1.06838739,2.26152945,0.513629079,0.19679445,0.623123407,-1.82151234,-0.496958107,1.78302073,-0.320132703,-0.0628258139,-0.466499478,1.46450806,-0.2446343,-1.25183535,2.57881522,-1.37502348,-0.0973802283,-0.841794312,-0.701601088,-1.05983245,-0.539992154,0.984033227,-1.90198624,1.26080763,1.0883981,0.50905925,0.126170471,0.276639193,1.42341244,-1.74578476,0.727289677
-0.746171951,0.82574755,-0.613600373,0.70686996,-1.54848528,-1.69257343,-0.113062844,1.43553007,0.536284447,0.529114485,0.860193789,-0.396976411,0.610748887,-0.579672992,-0.314014912,-0.189849511,-0.545527697,-0.0660505444,-0.254558086,-0.707664967,-0.140601709,0.155266091,-1.09986424,0.417456418,-0.49368012,0.198203772,-0.66529721,1.05049539,0.956115723,-1.04938877,0.524999142,1.44627154
-0.948178709,-0.86895436,0.73505944,-1.3071785,-0.777512968,-1.01466525,0.747484267,-0.692429781,-0.284603417,-0.748324215,1.14851356,-0.859386981,-1.40760005,-1.44679236,0.693659663,0.765865147,1.24855459,-1.26097333,-0.231212139,2.4272995,-0.302316606,-0.563408613,-0.0210097209,0.529950798,0.513233244,-0.614431202,-0.585035264,-0.296460062,-0.730086625,-1.23476303,1.80795157,-0.406924605
-0.350243181,-0.319086611,-0.0805099979,0.434759766,-0.465191811,1.13935351,0.597815871,-0.190898612,-0.666234612,1.08492649,-0.162042186,-1.24275124,1.02106452,-0.726328433,0.868500769,-2.51426768,-0.368662506,1.15996861,0.0051307301,0.598135293,-0.901930749,0.347705215,0.00375226699,0.24333407,2.03927994,1.30458963,0.79199332,0.804619133,-0.909155846,-0.471229076,-1.53258169,-1.26958537
-0.886533797,-0.0291245822,-1.22500873,-0.039170187,-0.154029503,-1.13422883,1.52558684,-1.32452571,1.11732483,-2.25427628,-0.142233208,-1.1976248,-0.654454708,1.81015444,-0.346967608,-1.10454881,0.487635881,-0.355746925,0.150713161,-0.914454579,-0.865216434,-0.787680805,0.798433125,-0.226829752,-1.04826021,0.161819473,0.079479523,0.573602796,-0.481801242,-0.0775715113,0.421678632,-1.00935304
0.886222839,0.0164436288,-1.10101283,-1.10842228,-0.0993985683,-0.550225794,0.754606605,-0.286751926,0.303046554,-0.84862113,-0.0229959767,1.3155359,-0.148128286,-0.552964151,-0.863804936,-0.018770529,1.40931475,-1.36359441,-0.0499176867,-1.71387196,-0.410422206,0.262769371,-1.58037508,-0.444809556,0.290519446,0.131138086,0.338958263,-0.97459662,0.290107697,-0.600008249,0.714029372,-2.3106513
-0.289609373,0.0988770947,1.34943199,0.0867970362,0.188285753,0.375490218,1.25308716,-0.38189441,-1.40310097,-1.59454727,0.66419524,0.223206997,-0.256342471,-0.586094439,0.180832699,0.209723234,0.479829818,-1.1086669,-1.76430559,-0.913526893,-1.35112882,-1.40292597,1.56973636,-2.26700187,0.469704717,0.906998217,0.987464607,0.277232021,1.31990969,1.7833997,-0.302231044,0.447471708
1.27579403,-0.861959279,-0.244907901,-0.62582159,0.460977972,-1.8980993,1.43662703,0.533796549,0.589941144,-2.36331415,-1.04013908,1.49046922,-0.177405864,-1.72406387,0.221622154,0.679158092,0.531492352,-0.150405213,1.13556361,-0.702012002,0.540089011,0.135017648,-0.133086339,-0.37899676,-0.343592405,0.0322534144,-0.292720795,0.733069897,-0.535985291,1.56829095,-0.580668509,0.920080781
0.963216841,0.165862158,0.0767599791,-0.728967011,-0.517071426,0.219783589,-0.0451355986,1.18308413,-0.454589784,-0.394064456,-1.66473055,0.643527865,0.553218842,0.977081895,1.0334363,0.788946569,0.831115961,0.610068738,0.764093339,-1.84196174,-1.09979069,-1.26319408,1.27017295,-0.78295958,-0.62286216,0.00665726652,-1.2436794,0.380544782,-2.13039017,-1.17748964,0.198816195,-1.24163628
1.29911315,0.0462794378,1.13207018,0.357916653,-0.01192977,-0.996562183,0.92914623,0.441254646,2.08464789,0.828400373,-0.397402972,0.289421558,0.422137976,1.16295826,1.32186997,-0.161975294,-1.2155211,-1.85383856,-1.13954949,-0.591776431,1.5043354,1.5195055,0.960160077,1.23039889,-0.707392752,-1.51531577,-1.0065285,-2.03481865,-1.11395526,-0.505946994,0.166703686,0.135457247
