0,0,0,0,0,0,0,0,0,0,0,0,0,0,0,0,0,0,0,0,0,0,0,0,0,0,0,0,0,0,0,0,0,0,0,0,0,0,0,0,0,0,0,0,0,0,0,0,0,0,0,0,0,0,0,0,0,0,0,0,0,0,0,0,0,0,0,0,0,0,0,0,0,0,0,0,0,0,0,0,0,0,0,0,0,0,0,0,0,0,0,0,0,0,0,0,0,0,0,0,0,0,0,0,0,0,0,0,0,0,0,0,0,0,0,0,0,0,0,0,0,0,0,0,0,0,0.333333343,0.631372571,0.764705896,0.764705896,0.517647088,0.211764708,0,0,0,0,0,0,0,0,0,0,0,0,0,0,0,0,0,0,0,0,0.447058827,0.749019623,0.968627453,0.996078432,0.996078432,0.996078432,0.996078432,0.905882359,0.152941182,0,0,0,0,0,0,0,0,0,0,0,0,0,0,0,0,0,0,0.549019635,0.850980401,0.996078432,0.70588237,0.360784322,0.219607845,0.372549027,0.835294127,0.992156863,0.70588237,0.0117647061,0,0,0,0,0,0,0,0,0,0,0,0,0,0,0,0,0,0.701960802,0.996078432,0.850980401,0.305882365,0,0,0,0,0.925490201,0.996078432,0.294117659,0,0,0,0,0,0,0,0,0,0,0,0,0,0,0,0,0.0705882385,0.972549021,0.800000012,0.0901960805,0,0,0,0,0,0.925490201,0.996078432,0.431372553,0,0,0,0,0,0,0,0,0,0,0,0,0,0,0,0,0.0431372561,0.862745106,0.403921574,0,0,0,0,0,0.0235294122,0.929411769,0.996078432,0.592156887,0,0,0,0,0,0,0,0,0,0,0,0,0,0,0,0,0,0.20784314,0.121568628,0,0,0,0,0,0.298039228,0.996078432,0.996078432,0.53725493,0,0,0,0,0,0,0,0,0,0,0,0,0,0,0,0,0,0,0,0,0,0,0,0,0.513725519,0.996078432,0.996078432,0.294117659,0,0,0,0,0,0,0,0,0,0,0,0,0,0,0,0,0,0,0,0,0,0,0,0.0352941193,0.945098042,0.996078432,0.917647064,0.152941182,0,0,0,0,0,0,0,0,0,0,0,0,0,0,0,0,0,0,0,0,0,0,0,0.176470593,0.996078432,0.996078432,0.41568628,0,0,0,0,0,0,0,0,0,0,0,0,0,0,0,0,0,0,0,0,0,0,0,0.0392156877,0.835294127,0.996078432,1,0.184313729,0,0,0,0,0,0,0,0,0,0,0,0,0,0,0,0,0,0,0.0509803928,0.149019614,0.329411775,0.517647088,0.890196085,0.90196079,0.996078432,0.996078432,0.827450991,0.0196078438,0,0,0,0,0,0,0,0,0,0,0,0,0,0,0,0,0.0352941193,0.203921571,0.741176486,0.996078432,0.996078432,0.996078432,0.996078432,0.996078432,0.996078432,0.996078432,0.952941179,0.478431374,0.149019614,0.00392156886,0,0,0,0,0,0,0,0,0,0,0,0,0,0.0901960805,0.945098042,0.996078432,0.996078432,0.996078432,0.772549033,0.996078432,0.996078432,0.996078432,0.764705896,0.698039234,0.862745106,0.996078432,0.996078432,0.592156887,0.0431372561,0,0,0,0,0,0,0,0,0,0,0,0.00784313772,0.56078434,0.996078432,0.996078432,0.741176486,0.0862745121,0.329411775,0.996078432,0.996078432,0.580392182,0.0156862754,0,0.0431372561,0.376470596,0.443137258,0.443137258,0.0666666701,0,0,0,0,0,0,0,0,0,0,0.0117647061,0.517647088,0.996078432,0.996078432,0.470588237,0.0549019612,0.509803951,0.90196079,0.996078432,0.75686276,0.0196078438,0,0,0,0,0,0,0,0,0,0,0,0,0,0,0,0,0,0.0941176489,0.913725495,0.996078432,0.996078432,0.454901963,0.592156887,0.984313726,0.996078432,0.733333349,0.109803922,0,0,0,0,0,0,0,0,0,0,0,0,0,0,0,0,0,0,0.149019614,0.996078432,0.996078432,0.996078432,0.996078432,0.996078432,0.996078432,0.886274517,0.490196079,0,0,0,0,0,0,0,0,0,0,0,0,0,0,0,0,0,0,0,0.149019614,0.996078432,0.996078432,0.996078432,0.996078432,0.917647064,0.800000012,0.266666681,0,0,0,0,0,0,0,0,0,0,0,0,0,0,0,0,0,0,0,0,0.0392156877,0.694117665,0.996078432,0.996078432,0.662745118,0.0784313753,0,0,0,0,0,0,0,0,0,0,0,0,0,0,0,0,0,0,0,0,0,0,0,0,0,0,0,0,0,0,0,0,0,0,0,0,0,0,0,0,0,0,0,0,0,0,0,0,0,0,0,0,0,0,0,0,0,0,0,0,0,0,0,0,0,0,0,0,0,0,0,0,0,0,0,0,0,0,0,0,0,0,0,0,0,0,0,0,0,0,0,0,0,0,0,0,0,0,0,0,0,0,0,0,0,0,0,0,0,0,0,0,0,0,0,0,0,0,0,0,0,0,0,0,0,0,0,0
0,0,0,0,0,0,0,0,0,0,0,0,0,0,0,0,0,0,0,0,0,0,0,0,0,0,0,0,0,0,0,0,0,0,0,0,0,0,0,0,0,0,0,0,0,0,0,0,0,0,0,0,0,0,0,0,0,0,0,0,0,0,0,0,0,0,0,0,0,0,0,0,0,0,0,0,0,0,0,0,0,0,0,0,0,0,0,0,0,0,0,0,0,0,0,0,0.501960814,0.749019623,1,1,0.501960814,0.250980407,0.250980407,0,0,0,0,0,0,0,0,0,0,0,0,0,0,0,0,0,0,0,0,0.501960814,1,1,1,1,1,1,1,0.250980407,0,0,0,0,0,0,0,0,0,0,0,0,0,0,0,0,0,0,0,1,1,1,0.749019623,0.501960814,0.749019623,1,1,0.501960814,0,0,0,0,0,0,0,0,0,0,0,0,0,0,0,0,0,0,0,0.749019623,1,0.749019623,0,0,0,1,1,0.501960814,0,0,0,0,0,0,0,0,0,0,0,0,0,0,0,0,0,0,0,0,0.250980407,0,0,0,0,1,1,0.250980407,0,0,0,0,0,0,0,0,0,0,0,0,0,0,0,0,0,0,0,0,0,0,0,0,0,1,1,0,0,0,0,0,0,0,0,0,0,0,0,0,0,0,0,0,0,0,0,0,0,0,0,0,0.501960814,1,0.501960814,0,0,0,0,0,0,0,0,0,0,0,0,0,0,0,0,0,0,0,0,0,0,0,0,0.250980407,1,1,0.250980407,0,0,0,0,0,0,0,0,0,0,0,0,0,0,0,0,0,0,0,0,0,0,0,0,0.501960814,1,0.749019623,0,0,0,0,0,0,0,0,0,0,0,0,0,0,0,0,0,0,0,0,0,0,0,0,0.501960814,1,1,0.250980407,0,0,0,0,0,0,0,0,0,0,0,0,0,0,0,0,0,0,0,0,0,0,0,0.250980407,1,1,0.749019623,0,0,0,0,0,0,0,0,0,0,0,0,0,0,0,0,0,0,0,0,0,0,0,0.250980407,1,1,0.749019623,0,0,0,0,0,0,0,0,0,0,0,0,0,0,0,0,0,0,0,0,0,0,0,0.250980407,1,1,1,0.250980407,0,0,0,0,0,0,0,0,0,0,0,0,0,0,0,0,0,0,0,0,0,0,0.250980407,1,1,1,0,0,0,0,0,0,0,0,0,0,0,0,0,0,0,0,0,0,0,0,0,0,0,0.250980407,1,1,1,0.250980407,0,0,0,0,0,0,0,0,0,0,0,0,0,0,0,0,0,0,0,0,0,0,0.250980407,0.749019623,1,0.749019623,0,0,0,0,0,0,0,0,0,0,0,0,0,0,0,0,0,0,0,0,0,0,0,0,0.501960814,1,1,0.501960814,0,0,0,0,0,0,0.250980407,0.501960814,0.501960814,0.501960814,0.501960814,0.749019623,1,0.250980407,0,0,0,0,0,0,0,0,0,0,0.749019623,1,1,0.749019623,0.501960814,0,0.501960814,0.501960814,0.501960814,0.501960814,1,1,1,1,0.501960814,0.501960814,0.501960814,0,0,0,0,0,0,0,0,0,0,0,1,1,1,1,1,1,1,1,1,1,0.749019623,0.501960814,0,0,0,0,0,0,0,0,0,0,0,0,0,0,0,0,0.250980407,0.501960814,1,1,1,1,0.749019623,0.501960814,0.501960814,0.501960814,0,0,0,0,0,0,0,0,0,0,0,0,0,0,0,0,0,0,0,0,0,0,0,0,0,0,0,0,0,0,0,0,0,0,0,0,0,0,0,0,0,0,0,0,0,0,0,0,0,0,0,0,0,0,0,0,0,0,0,0,0,0,0,0,0,0,0,0,0,0,0,0,0,0,0,0,0,0,0,0,0,0,0,0,0,0,0,0,0,0,0,0,0,0,0,0,0,0,0,0,0,0,0,0,0,0,0,0,0,0,0,0,0,0,0,0,0,0,0,0,0,0,0,0,0,0,0,0,0,0,0,0,0,0,0,0,0,0,0,0,0,0,0,0,0,0,0,0,0,0
0,0,0,0,0,0,0,0,0,0,0,0,0,0,0,0,0,0,0,0,0,0,0,0,0,0,0,0,0,0,0,0,0,0,0,0,0,0,0,0,0,0,0,0,0,0,0,0,0,0,0,0,0,0,0,0,0,0,0,0,0,0,0,0,0,0,0,0,0,0,0,0,0,0,0,0,0,0,0,0,0,0,0,0,0,0,0,0,0,0,0,0,0,0,0,0,0,0,0,0,0,0,0,0,0,0,0,0,0,0,0,0,0,0,0,0,0,0,0,0,0,0,0,0,0,0,0,0,0,0,0,0,0,0,0,0,0,0,0,0,0,0,0,0,0,0,0,0,0,0,0,0,0,0,0,0,0,0,0,0,0,0,0,0,0,0,0,0,0,0,0,0,0,0,0,0,0,0,0,0,0,0,0,0,0,0,0,0,0,0,0,0,0,0,0,0,0,0,0,0,0,0,0.188235298,0.333333343,0.603921592,0.890196085,0.996078432,0.996078432,0.996078432,0.996078432,0.752941191,0.431372553,0.219607845,0.0274509806,0,0,0,0,0,0,0,0,0,0,0,0,0,0,0,0.533333361,0.972549021,0.992156863,0.992156863,0.992156863,0.992156863,0.992156863,0.992156863,0.992156863,0.992156863,0.992156863,0.992156863,0.764705896,0.0117647061,0,0,0,0,0,0,0,0,0,0,0,0,0,0,0.545098066,0.992156863,0.992156863,0.992156863,0.992156863,0.992156863,0.992156863,0.992156863,0.992156863,0.992156863,0.992156863,0.992156863,0.992156863,0.623529434,0.0196078438,0,0,0,0,0,0,0,0,0,0,0,0,0,0.0352941193,0.501960814,0.968627453,0.784313738,0.396078438,0.290196091,0.137254909,0.13333334,0.13333334,0.380392164,0.372549027,0.631372571,0.984313726,0.992156863,0.815686285,0.121568628,0,0,0,0,0,0,0,0,0,0,0,0,0,0,0.329411775,0.615686297,0,0,0,0,0,0,0,0,0.611764729,0.992156863,0.992156863,0.250980407,0,0,0,0,0,0,0,0,0,0,0,0,0,0,0,0,0,0,0,0,0,0,0,0,0.690196097,0.992156863,0.992156863,0.250980407,0,0,0,0,0,0,0,0,0,0,0,0,0,0,0,0,0,0,0,0,0,0,0,0.0941176489,0.917647064,0.992156863,0.992156863,0.250980407,0,0,0,0,0,0,0,0,0,0,0,0,0,0,0,0,0,0,0,0,0,0,0,0.274509817,0.992156863,0.992156863,0.862745106,0.0156862754,0,0,0,0,0,0,0,0,0,0,0,0,0,0,0,0,0,0,0,0,0,0,0.0235294122,0.698039234,0.996078432,0.992156863,0.411764711,0,0,0,0,0,0,0,0,0,0,0,0,0,0,0,0,0,0,0,0,0,0,0,0.447058827,0.992156863,0.992156863,0.992156863,0.0784313753,0,0,0,0,0,0,0,0,0,0,0,0,0,0,0,0,0,0,0,0,0,0,0.00784313772,0.768627465,0.992156863,0.992156863,0.580392182,0.0156862754,0,0,0,0,0,0,0,0,0,0,0,0,0,0,0,0,0,0,0,0,0,0,0.329411775,0.992156863,0.992156863,0.933333337,0.109803922,0,0,0,0,0,0,0,0,0,0,0,0,0,0,0,0,0,0,0,0,0,0,0,0.623529434,0.992156863,0.992156863,0.717647076,0,0,0,0,0,0,0,0,0,0,0,0,0,0,0,0,0,0,0,0,0,0,0,0.0156862754,0.870588243,0.992156863,0.917647064,0.215686277,0,0,0,0,0,0,0,0,0,0,0,0,0,0,0,0,0,0,0,0,0,0,0,0.556862772,0.996078432,0.992156863,0.68235296,0,0,0,0,0,0,0,0,0,0,0,0,0,0,0,0,0,0,0,0,0,0,0,0.0627451017,0.862745106,0.992156863,0.952941179,0.0980392173,0,0,0,0,0,0,0,0,0,0,0,0,0,0,0,0,0,0,0,0,0,0,0,0.458823532,0.992156863,0.996078432,0.572549045,0,0,0,0,0,0,0,0,0,0,0,0,0,0,0,0,0,0,0,0,0,0,0,0,0.97647059,0.992156863,0.909803927,0.200000003,0,0,0,0,0,0,0,0,0,0,0,0,0,0,0,0,0,0,0,0,0,0,0,0,0.97647059,0.992156863,0.384313732,0,0,0,0,0,0,0,0,0,0,0,0,0,0,0,0,0,0,0,0,0,0,0,0,0,0.513725519,0.980392158,0.0784313753,0,0,0,0,0,0,0,0,0,0,0,0,0,0,0,0,0,0,0,0,0,0,0,0,0,0,0,0,0,0,0,0,0,0,0,0,0,0,0,0,0
0,0,0,0,0,0,0,0,0,0,0,0,0,0,0,0,0,0,0,0,0,0,0,0,0,0,0,0,0,0,0,0,0,0,0,0,0,0,0,0,0,0,0,0,0,0,0,0,0,0,0,0,0,0,0,0,0,0,0,0,0,0,0,0,0,0,0,0,0,0,0,0,0,0,0,0,0,0,0,0,0,0,0,0,0,0,0,0,0,0,0,0,0,0,0,0,0,0,0,0,0,0,0,0,0,0,0,0,0,0,0,0,0,0,0,0,0,0,0,0,0,0,0,0,0.654901981,0.568627477,0,0,0,0,0,0,0,0,0,0,0,0,0,0,0,0,0,0,0,0,0,0,0,0,0,0,0.654901981,0.717647076,0,0,0,0,0,0,0,0,0,0,0,0,0,0,0,0,0,0,0,0,0,0,0,0,0,0,0.654901981,0.996078432,0.372549027,0,0,0,0,0,0,0,0,0,0,0,0,0,0,0,0,0,0,0,0,0,0,0,0,0,0.490196079,0.992156863,0.262745112,0,0,0,0,0,0,0,0,0,0,0,0,0,0,0,0,0,0,0,0,0,0,0,0,0,0.654901981,0.996078432,0.356862754,0,0,0,0,0,0,0,0,0,0,0,0,0,0,0,0,0,0,0,0,0,0,0,0,0,0.654901981,1,0.388235301,0,0,0,0,0,0,0,0,0,0,0,0,0,0,0,0,0,0,0,0,0,0,0,0,0,0.627451003,0.996078432,0.388235301,0,0,0,0,0,0,0,0,0,0,0,0,0,0,0,0,0,0,0,0,0,0,0,0,0,0.247058824,0.996078432,0.650980413,0,0,0,0,0,0,0,0,0,0,0,0,0,0,0,0,0,0,0,0,0,0,0,0,0,0.0431372561,0.862745106,0.882352948,0.0901960805,0,0,0,0,0,0,0,0,0,0,0,0,0,0,0,0,0,0,0,0,0,0,0,0,0,0.839215696,0.996078432,0.203921571,0,0,0,0,0,0,0,0,0,0,0,0,0,0,0,0,0,0,0,0,0,0,0,0,0,0.839215696,0.996078432,0.360784322,0,0,0,0,0,0,0,0,0,0,0,0,0,0,0,0,0,0,0,0,0,0,0,0,0,0.43921569,0.996078432,0.607843161,0,0,0,0,0,0,0,0,0,0,0,0,0,0,0,0,0,0,0,0,0,0,0,0,0,0.431372553,0.996078432,0.607843161,0,0,0,0,0,0,0,0,0,0,0,0,0,0,0,0,0,0,0,0,0,0,0,0,0,0.431372553,0.996078432,0.607843161,0,0,0,0,0,0,0,0,0,0,0,0,0,0,0,0,0,0,0,0,0,0,0,0,0,0.431372553,0.996078432,0.729411781,0.00784313772,0,0,0,0,0,0,0,0,0,0,0,0,0,0,0,0,0,0,0,0,0,0,0,0,0.0509803928,0.807843149,0.996078432,0.219607845,0,0,0,0,0,0,0,0,0,0,0,0,0,0,0,0,0,0,0,0,0,0,0,0,0.00784313772,0.713725507,0.996078432,0.427450985,0,0,0,0,0,0,0,0,0,0,0,0,0,0,0,0,0,0,0,0,0,0,0,0,0.0117647061,0.823529422,0.996078432,0.427450985,0,0,0,0,0,0,0,0,0,0,0,0,0,0,0,0,0,0,0,0,0,0,0,0,0,0.521568656,0.996078432,0.721568644,0.0549019612,0,0,0,0,0,0,0,0,0,0,0,0,0,0,0,0,0,0,0,0,0,0,0,0,0.121568628,0.917647064,0.929411769,0.145098045,0,0,0,0,0,0,0,0,0,0,0,0,0,0,0,0,0,0,0,0,0,0,0,0,0,0,0,0,0,0,0,0,0,0,0,0,0,0,0,0,0,0,0,0,0,0,0,0,0,0,0,0,0,0,0,0,0,0,0,0,0,0,0,0,0,0,0,0,0,0,0,0,0,0,0,0,0,0,0,0,0,0,0,0,0,0,0,0,0,0,0,0,0,0,0,0,0,0,0,0,0,0,0,0,0,0,0,0,0,0,0,0,0,0,0,0,0,0,0,0,0,0
0,0,0,0,0,0,0,0,0,0,0,0,0,0,0,0,0,0,0,0,0,0,0,0,0,0,0,0,0,0,0,0,0,0,0,0,0,0,0,0,0,0,0,0,0,0,0,0,0,0,0,0,0,0,0,0,0,0,0,0,0,0,0,0,0,0,0,0,0,0,0,0,0,0,0,0,0,0,0,0,0,0,0,0,0,0,0,0,0,0,0,0,0,0,0,0,0,0,0,0,0,0,0,0,0,0,0,0,0,0,0,0,0,0,0,0,0,0,0,0,0,0,0,0,0,0,0,0,0,0,0,0,0,0,0,0,0,0,0,0,0,0,0,0,0,0,0,0,0,0,0,0,0,0,0,0,0,0,0,0,0,0,0,0,0,0,0,0,0,0,0,0,0,0,0,0,0,0,0,0,0,0,0,0,0,0,0,0,0,0,0,0,0,0,0,0,0,0,0,0,0,0,0,0,0,0,0,0.101960786,0.635294139,0.960784316,0.996078432,0.996078432,0.666666687,0.125490203,0,0,0,0,0,0,0,0,0,0,0,0,0,0,0,0,0,0,0,0,0.149019614,0.937254906,0.996078432,0.992156863,0.992156863,0.992156863,0.996078432,0.678431392,0.0352941193,0,0,0,0,0,0,0,0,0,0,0,0,0,0,0,0,0,0,0.0196078438,0.764705896,0.992156863,0.996078432,0.941176474,0.909803927,0.992156863,0.996078432,0.992156863,0.639215708,0,0,0,0,0,0,0,0,0,0,0,0,0,0,0,0,0,0,0.447058827,0.992156863,0.992156863,0.996078432,0.31764707,0.356862754,0.992156863,0.996078432,0.992156863,0.90196079,0,0,0,0,0,0,0,0,0,0,0,0,0,0,0,0,0,0,0.776470602,0.996078432,0.996078432,1,0.729411781,0.996078432,0.996078432,1,0.996078432,0.541176498,0,0,0,0,0,0,0,0,0,0,0,0,0,0,0,0,0,0,0.90196079,0.992156863,0.992156863,0.996078432,0.992156863,0.992156863,0.992156863,0.996078432,0.992156863,0.345098048,0,0,0,0,0,0,0,0,0,0,0,0,0,0,0,0,0,0,0.427450985,0.97647059,0.925490201,0.996078432,0.992156863,0.956862748,0.992156863,0.996078432,0.843137264,0.0352941193,0,0,0,0,0,0,0,0,0,0,0,0,0,0,0,0,0,0,0,0.223529413,0.0745098069,0.403921574,0.403921574,0.501960814,0.992156863,0.996078432,0.807843149,0,0,0,0,0,0,0,0,0,0,0,0,0,0,0,0,0,0,0,0,0,0,0,0,0.454901963,0.996078432,0.996078432,0.811764717,0,0,0,0,0,0,0,0,0,0,0,0,0,0,0,0,0,0,0,0,0,0,0,0,0.454901963,0.992156863,0.996078432,0.807843149,0,0,0,0,0,0,0,0,0,0,0,0,0,0,0,0,0,0,0,0,0,0,0,0,0.749019623,0.992156863,0.996078432,0.482352942,0,0,0,0,0,0,0,0,0,0,0,0,0,0,0,0,0,0,0,0,0,0,0,0.266666681,0.941176474,0.992156863,0.796078444,0.0235294122,0,0,0,0,0,0,0,0,0,0,0,0,0,0,0,0,0,0,0,0,0,0,0,0.545098066,0.996078432,0.996078432,0.725490212,0,0,0,0,0,0,0,0,0,0,0,0,0,0,0,0,0,0,0,0,0,0,0,0,0.541176498,0.992156863,0.992156863,0.654901981,0,0,0,0,0,0,0,0,0,0,0,0,0,0,0,0,0,0,0,0,0,0,0,0,0.839215696,0.992156863,0.992156863,0.200000003,0,0,0,0,0,0,0,0,0,0,0,0,0,0,0,0,0,0,0,0,0,0,0,0.101960786,0.937254906,0.992156863,0.992156863,0,0,0,0,0,0,0,0,0,0,0,0,0,0,0,0,0,0,0,0,0,0,0,0,0.501960814,0.996078432,0.996078432,0.631372571,0,0,0,0,0,0,0,0,0,0,0,0,0,0,0,0,0,0,0,0,0,0,0,0,0.631372571,0.992156863,0.992156863,0.627451003,0,0,0,0,0,0,0,0,0,0,0,0,0,0,0,0,0,0,0,0,0,0,0,0,0.631372571,0.992156863,0.992156863,0.627451003,0,0,0,0,0,0,0,0,0,0,0,0,0,0,0,0,0,0,0,0,0,0,0,0,0.631372571,0.992156863,0.827450991,0.270588249,0,0,0,0,0,0,0,0,0,0,0,0,0,0,0,0,0,0,0,0,0,0,0,0,0,0,0,0,0,0,0,0,0,0,0,0,0,0,0,0
0,0,0,0,0,0,0,0,0,0,0,0,0,0,0,0,0,0,0,0,0,0,0,0,0,0,0,0,0,0,0,0,0,0,0,0,0,0,0,0,0,0,0,0,0,0,0,0,0,0,0,0,0,0,0,0,0,0,0,0,0,0,0,0,0,0,0,0,0,0,0,0,0,0,0,0,0,0,0,0,0,0,0,0,0,0,0,0,0,0,0,0,0,0,0,0,0,0,0,0,0,0,0,0,0,0,0,0,0,0,0,0,0,0,0,0,0,0,0,0,0,0,0,0,0,0,0,0,0,0,0,0,0,0,0,0,0,0,0,0,0,0,0,0,0,0,0,0,0,0,0,0,0,0,0,0,0,0,0,0,0,0,0,0,0,0,0,0,0,0,0,0,0,0,0,0,0,0.247058824,0.588235319,0.858823538,1,0.749019623,0.435294122,0.00392156886,0,0,0,0,0,0,0,0,0,0,0,0,0,0,0,0,0,0,0,0,0.23137255,0.925490201,0.992156863,0.992156863,0.992156863,0.992156863,0.992156863,0.709803939,0.0901960805,0,0,0,0,0,0,0,0,0,0,0,0,0,0,0,0,0,0,0,0.733333349,0.992156863,0.984313726,0.58431375,0.454901963,0.850980401,0.964705884,0.992156863,0.823529422,0.0352941193,0,0,0,0,0,0,0,0,0,0,0,0,0,0,0,0,0,0.109803922,0.941176474,0.992156863,0.333333343,0,0,0,0.368627459,0.988235295,0.992156863,0.360784322,0,0,0,0,0,0,0,0,0,0,0,0,0,0,0,0,0,0.701960802,0.992156863,0.729411781,0.0117647061,0,0,0,0,0.600000024,0.992156863,0.839215696,0,0,0,0,0,0,0,0,0,0,0,0,0,0,0,0,0,0.733333349,0.992156863,0.709803939,0,0,0,0,0.270588249,0.866666675,0.992156863,0.752941191,0,0,0,0,0,0,0,0,0,0,0,0,0,0,0,0,0,0.541176498,0.992156863,0.843137264,0.0588235296,0,0,0.180392161,0.921568632,0.992156863,0.80392158,0.0823529437,0,0,0,0,0,0,0,0,0,0,0,0,0,0,0,0,0,0.247058824,0.97647059,0.992156863,0.490196079,0,0,0.156862751,0.427450985,0.345098048,0.0862745121,0,0.176470593,0.247058824,0.0823529437,0,0,0,0,0,0,0,0,0,0,0,0,0,0,0,0.564705908,0.992156863,0.960784316,0.329411775,0.00392156886,0,0,0,0,0.290196091,0.949019611,0.992156863,0.662745118,0,0,0,0,0,0,0,0,0,0,0,0,0,0,0,0.0431372561,0.556862772,0.992156863,0.992156863,0.662745118,0.20784314,0.0431372561,0,0.298039228,0.972549021,0.992156863,0.97647059,0.41568628,0,0,0,0,0,0,0,0,0,0,0,0,0,0,0,0,0.0588235296,0.741176486,0.992156863,0.992156863,0.992156863,0.835294127,0.792156875,0.945098042,0.992156863,0.992156863,0.58431375,0,0,0,0,0,0,0,0,0,0,0,0,0,0,0,0,0,0,0.00784313772,0.286274523,0.600000024,0.831372559,0.831372559,0.964705884,0.831372559,0.749019623,0.866666675,0.368627459,0,0,0,0,0,0,0,0,0,0,0,0,0,0,0,0,0,0,0,0,0,0,0,0.200000003,0,0.529411793,0.992156863,0.913725495,0,0,0,0,0,0,0,0,0,0,0,0,0,0,0,0,0,0,0,0,0,0,0,0,0,0.913725495,0.992156863,0.913725495,0,0,0,0,0,0,0,0,0,0,0,0,0,0,0,0,0,0,0,0,0,0,0,0,0,0.937254906,0.992156863,0.788235307,0,0,0,0,0,0,0,0,0,0,0,0,0,0,0,0,0,0,0,0,0,0,0,0,0,0.937254906,0.992156863,0.505882382,0,0,0,0,0,0,0,0,0,0,0,0,0,0,0,0,0,0,0,0,0,0,0,0,0,0.937254906,0.992156863,0.505882382,0,0,0,0,0,0,0,0,0,0,0,0,0,0,0,0,0,0,0,0,0,0,0,0,0,0.937254906,0.992156863,0.505882382,0,0,0,0,0,0,0,0,0,0,0,0,0,0,0,0,0,0,0,0,0,0,0,0,0,0.937254906,0.992156863,0.505882382,0,0,0,0,0,0,0,0,0,0,0,0,0,0,0,0,0,0,0,0,0,0,0,0,0,0.603921592,0.866666675,0.301960796,0,0,0,0,0,0,0,0,0,0,0,0,0,0,0,0,0,0,0,0,0,0,0,0,0,0,0,0,0,0,0,0,0,0,0,0,0,0,0,0,0,0,0,0,0,0,0,0,0,0,0,0,0,0,0,0,0,0,0,0,0,0,0,0
0,0,0,0,0,0,0,0,0,0,0,0,0,0,0,0,0,0,0,0,0,0,0,0,0,0,0,0,0,0,0,0,0,0,0,0,0,0,0,0,0,0,0,0,0,0,0,0,0,0,0,0,0,0,0,0,0,0,0,0,0,0,0,0,0,0,0,0,0,0,0,0,0,0,0,0,0,0,0,0,0,0,0,0,0,0,0,0,0,0,0,0,0,0,0,0,0,0,0,0,0,0,0,0,0,0,0,0,0,0,0,0,0,0,0,0,0,0,0,0,0,0,0,0,0,0,0,0,0,0,0,0,0,0,0,0,0,0,0,0,0,0,0,0,0,0,0,0,0,0,0,0,0,0,0,0,0,0,0,0,0,0,0,0,0,0,0,0,0,0,0,0,0,0,0,0,0,0,0,0,0,0,0.0901960805,0.23137255,0.611764729,0.87843138,0.996078432,0.996078432,0.768627465,0,0,0,0,0,0,0,0,0,0,0,0,0,0,0,0,0,0,0,0.0274509806,0.286274523,0.662745118,0.788235307,0.894117653,0.41568628,0.356862754,0.886274517,0.443137258,0,0,0,0,0,0,0,0,0,0,0,0,0,0,0,0,0,0,0.145098045,0.662745118,0.992156863,0.870588243,0.305882365,0.0470588244,0,0.227450982,0.921568632,0.647058845,0,0,0,0,0,0,0,0,0,0,0,0,0,0,0,0,0,0.392156869,0.894117653,0.941176474,0.572549045,0.0470588244,0,0,0.0509803928,0.752941191,0.992156863,0.352941185,0,0,0,0,0,0,0,0,0,0,0,0,0,0,0,0,0.298039228,0.996078432,0.960784316,0.274509817,0,0,0,0,0.600000024,0.992156863,0.694117665,0,0,0,0,0,0,0,0,0,0,0,0,0,0,0,0,0,0.768627465,1,0.533333361,0,0,0,0,0.403921574,0.996078432,0.513725519,0.0901960805,0,0,0,0,0,0,0,0,0,0,0,0,0,0,0,0,0,0.764705896,0.996078432,0.564705908,0.0549019612,0,0,0,0.811764717,0.552941203,0.0705882385,0,0,0,0,0,0,0,0,0,0,0,0,0,0,0,0,0,0,0.529411793,0.996078432,0.992156863,0.898039222,0.686274529,0.686274529,0.309803933,0.768627465,0.423529416,0,0,0,0,0,0,0,0,0,0,0,0,0,0,0,0,0,0,0,0,0.309803933,0.78039217,0.835294127,0.835294127,0.956862748,0.996078432,0.992156863,0.968627453,0.215686277,0,0,0,0,0,0,0,0,0,0,0,0,0,0,0,0,0,0,0,0,0,0,0,0.176470593,0.549019635,0.992156863,0.870588243,0.0470588244,0,0,0,0,0,0,0,0,0,0,0,0,0,0,0,0,0,0,0,0,0,0,0,0.0901960805,1,0.996078432,0.305882365,0,0,0,0,0,0,0,0,0,0,0,0,0,0,0,0,0,0,0,0,0,0,0,0.0156862754,0.725490212,0.996078432,0.717647076,0.0470588244,0,0,0,0,0,0,0,0,0,0,0,0,0,0,0,0,0,0,0,0,0,0,0,0.53725493,0.992156863,0.921568632,0.105882354,0,0,0,0,0,0,0,0,0,0,0,0,0,0,0,0,0,0,0,0,0,0,0,0.345098048,0.984313726,0.992156863,0.20784314,0,0,0,0,0,0,0,0,0,0,0,0,0,0,0,0,0,0,0,0,0,0,0,0.20784314,0.921568632,0.929411769,0.313725501,0,0,0,0,0,0,0,0,0,0,0,0,0,0,0,0,0,0,0,0,0,0,0,0.0549019612,0.729411781,0.921568632,0.501960814,0,0,0,0,0,0,0,0,0,0,0,0,0,0,0,0,0,0,0,0,0,0,0,0,0.58431375,0.984313726,0.486274511,0,0,0,0,0,0,0,0,0,0,0,0,0,0,0,0,0,0,0,0,0,0,0,0,0.388235301,0.996078432,0.647058845,0,0,0,0,0,0,0,0,0,0,0,0,0,0,0,0,0,0,0,0,0,0,0,0,0.0274509806,0.800000012,0.811764717,0.0980392173,0,0,0,0,0,0,0,0,0,0,0,0,0,0,0,0,0,0,0,0,0,0,0,0,0.0941176489,0.90196079,0.529411793,0,0,0,0,0,0,0,0,0,0,0,0,0,0,0,0,0,0,0,0,0,0,0,0,0,0,0,0,0,0,0,0,0,0,0,0,0,0,0,0,0,0,0,0,0,0,0,0,0,0,0,0,0,0,0,0,0,0,0,0,0,0,0,0,0,0,0,0,0,0,0,0,0
0,0,0,0,0,0,0,0,0,0,0,0,0,0,0,0,0,0,0,0,0,0,0,0,0,0,0,0,0,0,0,0,0,0,0,0,0,0,0,0,0,0,0,0,0,0,0,0,0,0,0,0,0,0,0,0,0,0,0,0,0,0,0,0,0,0,0,0,0,0,0,0,0,0,0,0,0,0,0,0,0,0,0,0,0,0,0,0,0,0,0,0,0,0,0,0,0,0,0,0,0,0,0,0,0,0,0,0,0,0,0,0,0,0,0,0,0,0,0,0,0,0,0,0,0,0,0,0,0,0,0,0,0,0,0,0,0,0,0,0,0,0,0,0,0,0,0,0,0,0,0,0,0,0,0,0,0.168627456,0.34117648,0.545098066,0.580392182,0.925490201,0.996078432,0.541176498,0.0156862754,0,0,0,0,0,0,0,0,0,0,0,0,0,0,0,0,0,0.168627456,0.43921569,0.745098054,0.992156863,0.988235295,0.988235295,0.988235295,0.988235295,0.992156863,0.988235295,0.219607845,0,0,0,0,0,0,0,0,0,0,0,0,0,0,0,0,0.203921571,0.745098054,0.988235295,0.988235295,0.992156863,0.960784316,0.905882359,0.905882359,0.733333349,0.666666687,0.494117647,0.0745098069,0,0,0,0,0,0,0,0,0,0,0,0,0,0,0,0.113725491,0.909803927,0.988235295,0.988235295,0.78039217,0.329411775,0.219607845,0,0,0,0,0,0,0,0,0,0,0,0,0,0,0,0,0,0,0,0,0.176470593,0.509803951,0.988235295,0.956862748,0.301960796,0.0274509806,0,0,0,0,0,0,0,0,0,0,0,0,0,0,0,0,0,0,0,0,0,0.0431372561,0.788235307,0.968627453,0.380392164,0,0,0,0,0,0,0,0,0,0,0,0,0,0,0,0,0,0,0,0,0,0,0,0.0313725509,0.670588255,0.886274517,0.513725519,0,0,0,0,0,0,0,0,0,0,0,0,0,0,0,0,0,0,0,0,0,0,0,0,0.0862745121,0.988235295,0.956862748,0.20784314,0,0,0,0,0,0,0,0,0,0,0,0,0,0,0,0,0,0,0,0,0,0,0,0,0.223529413,0.850980401,0.850980401,0.278431386,0,0,0,0,0,0,0,0,0,0,0,0,0,0,0,0,0,0,0,0,0,0,0,0,0.0862745121,0.988235295,0.988235295,0.831372559,0.278431386,0,0,0,0,0,0,0,0,0,0,0,0,0,0,0,0,0,0,0,0,0,0,0,0.0352941193,0.556862772,0.992156863,1,0.992156863,0.960784316,0.580392182,0.235294119,0,0,0,0,0,0,0,0,0,0,0,0,0,0,0,0,0,0,0,0,0,0.0627451017,0.588235319,0.854901969,0.988235295,0.988235295,0.988235295,0.988235295,0.749019623,0.607843161,0.0274509806,0,0,0,0,0,0,0,0,0,0,0,0,0,0,0,0,0,0,0,0,0.0470588244,0.392156869,0.666666687,0.792156875,0.988235295,0.992156863,0.988235295,0.666666687,0,0,0,0,0,0,0,0,0,0,0,0,0,0,0,0,0,0,0,0,0,0,0,0.0823529437,0.674509823,0.992156863,0.988235295,0.905882359,0,0,0,0,0,0,0,0,0,0,0,0,0,0,0,0,0,0,0,0,0,0,0,0,0,0.819607854,0.988235295,0.905882359,0,0,0,0,0,0,0,0,0,0,0,0,0,0,0,0,0,0,0,0,0,0,0,0,0.486274511,0.580392182,0.937254906,0.243137255,0,0,0,0,0,0,0,0,0,0,0,0,0,0,0,0,0,0,0,0,0,0,0.305882365,0.607843161,0.776470602,0.890196085,0.517647088,0,0,0,0,0,0,0,0,0,0,0,0,0,0,0,0,0,0,0,0,0.0705882385,0.501960814,0.635294139,0.984313726,0.988235295,0.921568632,0.254901975,0.0196078438,0,0,0,0,0,0,0,0,0,0,0,0,0,0,0,0,0,0,0.160784319,0.662745118,0.937254906,0.992156863,0.988235295,0.968627453,0.635294139,0.0549019612,0,0,0,0,0,0,0,0,0,0,0,0,0,0,0,0,0,0,0,0,0.670588255,0.988235295,0.988235295,0.576470613,0.43921569,0.149019614,0,0,0,0,0,0,0,0,0,0,0,0,0,0,0,0,0,0,0,0,0,0,0,0,0,0,0,0,0,0,0,0,0,0,0,0,0,0,0,0,0,0,0,0,0,0,0,0,0,0,0,0,0,0,0,0,0,0,0,0,0,0,0,0,0,0,0,0,0,0,0,0,0,0,0,0,0,0,0,0,0,0,0,0,0,0,0,0,0,0,0,0,0,0,0,0,0,0
0,0,0,0,0,0,0,0,0,0,0,0,0,0,0,0,0,0,0,0,0,0,0,0,0,0,0,0,0,0,0,0,0,0,0,0,0,0,0,0,0,0,0,0,0,0,0,0,0,0,0,0,0,0,0,0,0,0,0,0,0,0,0,0,0,0,0,0,0,0,0,0,0,0,0,0,0,0,0,0,0,0,0,0,0,0,0,0,0,0,0,0,0,0,0,0,0,0,0,0,0,0,0,0,0,0,0,0,0,0,0,0,0,0,0,0,0,0,0,0,0,0,0,0,0,0.125490203,0.368627459,0,0.184313729,0.588235319,0.992156863,0.992156863,1,0.827450991,0.121568628,0,0,0,0,0,0,0,0,0,0,0,0,0,0,0,0,0,0.125490203,0.811764717,0.968627453,0.525490224,0.913725495,0.988235295,0.988235295,0.988235295,0.992156863,0.988235295,0.278431386,0,0,0,0,0,0,0,0,0,0,0,0,0,0,0,0,0,0.831372559,0.988235295,0.988235295,0.988235295,0.992156863,0.988235295,0.988235295,0.988235295,0.992156863,0.988235295,0.278431386,0,0,0,0,0,0,0,0,0,0,0,0,0,0,0,0.0823529437,0.564705908,0.992156863,0.988235295,0.988235295,0.988235295,0.992156863,0.988235295,0.988235295,0.988235295,0.992156863,0.988235295,0.603921592,0,0,0,0,0,0,0,0,0,0,0,0,0,0,0,0.709803939,0.988235295,0.992156863,0.988235295,0.988235295,0.988235295,0.992156863,0.619607866,0.56078434,0.56078434,0.992156863,0.988235295,0.843137264,0,0,0,0,0,0,0,0,0,0,0,0,0,0,0.0823529437,0.788235307,0.988235295,0.992156863,0.988235295,0.988235295,0.501960814,0.137254909,0.0196078438,0,0,0.827450991,0.988235295,0.843137264,0,0,0,0,0,0,0,0,0,0,0,0,0,0.0627451017,0.709803939,0.988235295,0.988235295,0.992156863,0.945098042,0.43921569,0.121568628,0,0,0,0,0.505882382,0.988235295,0.43921569,0,0,0,0,0,0,0,0,0,0,0,0,0,0.427450985,0.988235295,0.988235295,0.988235295,0.992156863,0.380392164,0,0,0,0,0,0,0.992156863,0.988235295,0.278431386,0,0,0,0,0,0,0,0,0,0,0,0,0.00392156886,0.670588255,0.992156863,0.992156863,0.749019623,0,0,0,0,0,0,0,0.247058824,1,0.992156863,0.282352954,0,0,0,0,0,0,0,0,0,0,0,0.0431372561,0.607843161,0.988235295,0.988235295,0.701960802,0.0588235296,0,0,0,0,0,0,0.125490203,0.929411769,0.992156863,0.905882359,0.200000003,0,0,0,0,0,0,0,0,0,0,0,0.145098045,0.988235295,0.988235295,0.988235295,0.278431386,0,0,0,0,0,0,0,0.549019635,0.988235295,0.992156863,0.619607866,0,0,0,0,0,0,0,0,0,0,0,0,0.470588237,0.988235295,0.988235295,0.823529422,0.121568628,0,0,0,0,0,0,0.490196079,0.866666675,0.988235295,0.749019623,0.0588235296,0,0,0,0,0,0,0,0,0,0,0,0.125490203,0.831372559,0.992156863,0.807843149,0.0784313753,0,0,0,0,0,0,0.184313729,0.913725495,0.992156863,0.992156863,0.568627477,0,0,0,0,0,0,0,0,0,0,0,0,0.450980395,0.988235295,0.988235295,0.56078434,0,0,0,0,0,0.0431372561,0.607843161,0.913725495,0.988235295,0.988235295,0.988235295,0.0784313753,0,0,0,0,0,0,0,0,0,0,0,0,0.850980401,0.988235295,0.988235295,0.866666675,0.223529413,0.145098045,0.145098045,0.145098045,0.305882365,0.749019623,0.988235295,0.992156863,0.988235295,0.964705884,0.517647088,0,0,0,0,0,0,0,0,0,0,0,0,0,0.850980401,0.988235295,0.988235295,0.988235295,0.988235295,0.988235295,0.988235295,0.992156863,0.988235295,0.988235295,0.988235295,0.992156863,0.988235295,0.843137264,0,0,0,0,0,0,0,0,0,0,0,0,0,0,0.854901969,0.992156863,0.992156863,0.992156863,0.992156863,0.992156863,0.992156863,1,0.992156863,0.992156863,0.992156863,1,0.623529434,0.160784319,0,0,0,0,0,0,0,0,0,0,0,0,0,0,0.686274529,0.988235295,0.988235295,0.988235295,0.988235295,0.988235295,0.988235295,0.992156863,0.988235295,0.988235295,0.823529422,0.466666669,0.0196078438,0,0,0,0,0,0,0,0,0,0,0,0,0,0,0,0.0823529437,0.70588237,0.988235295,0.988235295,0.988235295,0.988235295,0.988235295,0.992156863,0.945098042,0.843137264,0.360784322,0,0,0,0,0,0,0,0,0,0,0,0,0,0,0,0,0,0,0.0627451017,0.423529416,0.988235295,0.988235295,0.988235295,0.988235295,0.749019623,0.301960796,0,0,0,0,0,0,0,0,0,0,0,0,0,0,0,0,0,0,0,0,0,0,0,0,0,0,0,0,0,0,0,0,0,0,0,0,0,0,0,0,0,0,0,0,0,0,0,0,0,0,0,0,0,0,0,0,0,0,0,0,0,0,0,0,0,0,0,0,0,0,0,0,0,0,0,0,0,0,0,0,0,0,0,0,0,0,0,0,0,0,0,0,0,0,0,0,0,0,0,0,0,0,0,0,0,0,0,0,0,0,0,0,0,0,0,0,0,0,0,0,0,0,0,0,0,0
0,0,0,0,0,0,0,0,0,0,0,0,0,0,0,0,0,0,0,0,0,0,0,0,0,0,0,0,0,0,0,0,0,0,0,0,0,0,0,0,0,0,0,0,0,0,0,0,0,0,0,0,0,0,0,0,0,0,0,0,0,0,0,0,0,0,0,0,0,0,0,0,0,0,0,0,0,0,0,0,0,0,0,0,0,0,0,0,0,0,0,0,0,0,0,0,0,0,0,0,0,0,0,0,0,0,0,0,0,0,0,0,0,0,0,0,0,0,0,0,0,0,0,0,0,0,0,0,0,0,0,0,0,0,0,0,0,0,0,0,0,0,0,0,0,0,0,0,0,0,0,0,0,0,0,0,0,0,0,0,0,0,0,0,0,0,0,0,0,0,0,0,0,0,0,0,0,0,0,0,0,0,0,0,0.113725491,0.447058827,0.776470602,0.886274517,0,0,0,0,0,0,0,0,0,0,0,0,0,0,0,0,0,0,0,0,0,0,0,0.337254912,0.776470602,1,1,1,0.113725491,0,0,0,0,0,0,0,0,0,0,0,0,0,0,0,0,0,0,0,0,0.447058827,1,1,1,1,1,1,0.552941203,0,0,0,0,0,0,0,0,0,0,0,0,0,0,0,0,0,0,0.223529413,1,1,1,0.776470602,0.223529413,0.447058827,1,1,0.223529413,0,0,0,0,0,0,0,0,0,0,0,0,0,0,0,0,0,0.447058827,1,1,0.886274517,0.337254912,0,0,0.113725491,1,1,0,0,0,0,0,0,0,0,0,0,0,0,0,0,0,0,0,0.223529413,1,1,0.776470602,0.113725491,0,0,0,0.886274517,1,1,0,0,0,0,0,0,0,0,0,0,0,0,0,0,0,0,0,0.776470602,1,0.552941203,0,0,0,0,0.447058827,1,1,0.552941203,0,0,0,0,0,0,0,0,0,0,0,0,0,0,0,0,0,1,1,0,0,0,0.337254912,0.666666687,1,1,0.776470602,0,0,0,0,0,0,0,0,0,0,0,0,0,0,0,0,0,0,1,1,1,0.776470602,1,1,1,1,1,0.113725491,0,0,0,0,0,0,0,0,0,0,0,0,0,0,0,0,0,0,0.776470602,1,1,1,1,1,1,1,0.223529413,0,0,0,0,0,0,0,0,0,0,0,0,0,0,0,0,0,0,0,0,0.337254912,0,0.337254912,0,1,1,0.776470602,0,0,0,0,0,0,0,0,0,0,0,0,0,0,0,0,0,0,0,0,0,0,0,0,0.113725491,1,1,0,0,0,0,0,0,0,0,0,0,0,0,0,0,0,0,0,0,0,0,0,0,0,0,0,0.886274517,1,0.552941203,0,0,0,0,0,0,0,0,0,0,0,0,0,0,0,0,0,0,0,0,0,0,0,0,0.223529413,1,1,0.113725491,0,0,0,0,0,0,0,0,0,0,0,0,0,0,0,0,0,0,0,0,0,0,0,0,0.776470602,1,0.223529413,0,0,0,0,0,0,0,0,0,0,0,0,0,0,0,0,0,0,0,0,0,0,0,0,0.113725491,1,1,0.223529413,0,0,0,0,0,0,0,0,0,0,0,0,0,0,0,0,0,0,0,0,0,0,0,0,0.552941203,1,0.886274517,0,0,0,0,0,0,0,0,0,0,0,0,0,0,0,0,0,0,0,0,0,0,0,0,0,1,1,0.552941203,0,0,0,0,0,0,0,0,0,0,0,0,0,0,0,0,0,0,0,0,0,0,0,0,0.113725491,1,1,0.223529413,0,0,0,0,0,0,0,0,0,0,0,0,0,0,0,0,0,0,0,0,0,0,0,0,0.337254912,1,0.776470602,0,0,0,0,0,0,0,0,0,0,0,0,0,0,0,0,0,0,0,0,0,0,0,0,0,0,0,0,0,0,0,0,0,0,0,0,0,0,0,0,0,0,0,0,0,0,0,0,0,0,0,0,0,0,0,0,0,0,0,0,0,0,0,0,0,0,0,0,0,0,0
0,0,0,0,0,0,0,0,0,0,0,0,0,0,0,0,0,0,0,0,0,0,0,0,0,0,0,0,0,0,0,0,0,0,0,0,0,0,0,0,0,0,0,0,0,0,0,0,0,0,0,0,0,0,0,0,0,0,0,0,0,0,0,0,0,0,0,0,0,0,0,0,0,0,0,0,0,0,0,0,0,0,0,0,0,0,0,0,0,0,0,0,0,0,0,0,0,0,0,0,0,0,0,0,0,0,0,0,0,0,0,0,0,0,0,0,0,0,0,0,0,0,0,0,0,0,0,0,0,0,0,0,0,0,0,0,0,0,0,0,0,0,0,0,0,0,0,0,0,0,0,0,0,0,0,0,0,0,0,0,0,0,0,0,0,0,0,0,0,0,0,0,0,0,0,0,0,0,0,0,0,0,0,0,0,0,0,0,0,0,0,0,0,0,0,0,0,0,0,0,0,0,0,0,0.113725491,0.529411793,0.572549045,0.250980407,0.149019614,0.149019614,0.149019614,0.149019614,0.431372553,0.737254918,1,0.890196085,0.160784319,0,0,0,0,0,0,0,0,0,0,0,0,0,0,0,0.741176486,0.992156863,0.992156863,0.992156863,0.992156863,0.992156863,0.992156863,0.992156863,0.992156863,0.992156863,0.992156863,0.992156863,0.709803939,0.00784313772,0,0,0,0,0,0,0,0,0,0,0,0,0,0.152941182,0.960784316,0.992156863,0.992156863,0.992156863,0.992156863,0.992156863,0.992156863,0.992156863,0.992156863,0.992156863,0.992156863,0.992156863,0.992156863,0.0196078438,0,0,0,0,0,0,0,0,0,0,0,0,0.00392156886,0.494117647,0.992156863,0.992156863,0.992156863,0.862745106,0.823529422,0.549019635,0.580392182,0.400000006,0.501960814,0.960784316,0.992156863,0.992156863,0.925490201,0.0156862754,0,0,0,0,0,0,0,0,0,0,0,0,0.0235294122,0.992156863,0.992156863,0.992156863,0.850980401,0.0588235296,0,0,0,0,0.176470593,0.945098042,0.992156863,0.992156863,0.588235319,0,0,0,0,0,0,0,0,0,0,0,0,0,0.0235294122,0.992156863,0.992156863,0.992156863,0.58431375,0,0,0,0,0,0.254901975,0.992156863,0.992156863,0.984313726,0.203921571,0,0,0,0,0,0,0,0,0,0,0,0,0,0.0196078438,0.835294127,0.992156863,0.603921592,0,0,0,0,0,0.0196078438,0.721568644,0.992156863,0.992156863,0.737254918,0,0,0,0,0,0,0,0,0,0,0,0,0,0,0,0.0431372561,0.23137255,0.0274509806,0,0,0,0,0,0.0862745121,0.992156863,0.992156863,0.992156863,0.41568628,0,0,0,0,0,0,0,0,0,0,0,0,0,0,0,0,0,0,0,0,0,0,0,0.501960814,0.992156863,0.992156863,0.913725495,0.160784319,0,0,0,0,0,0,0,0,0,0,0,0,0,0,0,0,0,0,0,0,0,0,0.235294119,0.972549021,0.992156863,0.992156863,0.466666669,0,0,0,0,0,0,0,0,0,0,0,0,0,0,0,0,0,0,0,0,0,0,0,0.36470589,0.992156863,0.992156863,0.992156863,0.129411772,0,0,0,0,0,0,0,0,0,0,0,0,0,0,0,0,0,0,0,0,0,0,0.0196078438,0.776470602,0.992156863,0.992156863,0.596078455,0.00392156886,0,0,0,0,0,0,0,0,0,0,0,0,0,0,0,0,0,0,0,0,0,0,0.498039216,0.992156863,0.992156863,0.992156863,0.188235298,0,0,0,0,0,0,0,0,0,0,0,0,0,0,0,0,0,0,0,0,0,0,0.0549019612,0.925490201,0.992156863,0.992156863,0.80392158,0.0352941193,0,0,0,0,0,0,0,0,0,0,0,0,0,0,0,0,0,0,0,0,0,0,0.698039234,0.992156863,0.992156863,0.949019611,0.176470593,0,0,0,0,0,0,0,0,0,0,0,0,0,0,0,0,0,0,0,0,0,0,0,0.913725495,0.992156863,0.992156863,0.800000012,0,0,0,0,0,0,0,0,0,0,0,0,0,0,0,0,0,0,0,0,0,0,0,0.286274523,0.980392158,0.992156863,0.992156863,0.313725501,0,0,0,0,0,0,0,0,0,0,0,0,0,0,0,0,0,0,0,0,0,0,0.0274509806,0.784313738,0.992156863,0.992156863,0.639215708,0.00392156886,0,0,0,0,0,0,0,0,0,0,0,0,0,0,0,0,0,0,0,0,0,0,0.192156866,0.992156863,0.992156863,0.992156863,0.513725519,0,0,0,0,0,0,0,0,0,0,0,0,0,0,0,0,0,0,0,0,0,0,0,0.109803922,0.713725507,0.992156863,0.90196079,0.121568628,0,0,0,0,0,0,0,0,0,0,0,0,0,0,0,0,0,0,0,0,0,0,0,0,0,0,0,0,0,0,0,0,0,0,0,0,0,0,0,0,0
0,0,0,0,0,0,0,0,0,0,0,0,0,0,0,0,0,0,0,0,0,0,0,0,0,0,0,0,0,0,0,0,0,0,0,0,0,0,0,0,0,0,0,0,0,0,0,0,0,0,0,0,0,0,0,0,0,0,0,0,0,0,0,0,0,0,0,0,0,0,0,0,0,0,0,0,0,0,0,0,0,0,0,0,0,0,0,0,0,0,0,0,0,0,0,0,0,0,0,0,0,0,0,0,0,0,0,0,0,0,0,0,0,0,0,0,0,0.0196078438,0.423529416,0.913725495,0.992156863,1,0.992156863,0.870588243,0.541176498,0.13333334,0.0941176489,0.0352941193,0,0,0,0,0,0,0,0,0,0,0,0,0,0,0,0,0,0.184313729,0.988235295,0.988235295,0.988235295,0.992156863,0.988235295,0.988235295,0.988235295,0.988235295,0.992156863,0.760784328,0.505882382,0.184313729,0.101960786,0,0,0,0,0,0,0,0,0,0,0,0,0,0,0.13333334,0.917647064,0.988235295,0.866666675,0.721568644,0.717647076,0.792156875,0.988235295,0.988235295,0.992156863,0.988235295,0.988235295,0.988235295,0.866666675,0.454901963,0,0,0,0,0,0,0,0,0,0,0,0,0,0,0.254901975,0.925490201,0.376470596,0,0,0.0509803928,0.176470593,0.176470593,0.631372571,0.858823538,0.988235295,0.988235295,0.988235295,0.97647059,0.4627451,0,0,0,0,0,0,0,0,0,0,0,0,0,0,0.0745098069,0.00784313772,0,0,0,0,0,0,0.0588235296,0.211764708,0.701960802,0.988235295,0.992156863,0.890196085,0.125490203,0,0,0,0,0,0,0,0,0,0,0,0,0,0,0,0,0,0,0,0,0,0,0,0,0.619607866,1,0.992156863,0.721568644,0,0,0,0,0,0,0,0,0,0,0,0,0,0,0,0,0,0,0,0,0,0,0,0,0,0.70588237,0.988235295,0.890196085,0.113725491,0,0,0,0,0,0,0,0,0,0,0,0,0,0,0,0,0,0,0,0,0,0,0,0,0.541176498,0.988235295,0.988235295,0.176470593,0,0,0,0,0,0,0,0,0,0,0,0,0,0,0,0,0,0,0,0,0,0,0,0,0.913725495,0.988235295,0.890196085,0.113725491,0,0,0,0,0,0,0,0,0,0,0,0,0,0,0,0,0,0,0,0,0,0,0,0.20784314,0.992156863,0.988235295,0.717647076,0,0,0,0,0,0,0,0,0,0,0,0,0,0.0745098069,0.501960814,0.545098066,0.541176498,0.749019623,0.749019623,0.337254912,0.0431372561,0,0,0,0.905882359,1,0.97647059,0.450980395,0,0,0,0,0,0,0,0,0,0,0,0,0,0.811764717,0.988235295,0.992156863,0.988235295,0.988235295,0.988235295,0.988235295,0.796078444,0.23137255,0,0.31764707,0.956862748,0.992156863,0.725490212,0,0,0,0,0,0,0,0,0,0,0,0,0,0.200000003,0.941176474,0.988235295,0.843137264,0.717647076,0.717647076,0.815686285,0.988235295,0.992156863,0.819607854,0.596078455,0.862745106,0.988235295,0.80392158,0.0980392173,0,0,0,0,0,0,0,0,0,0,0,0,0,0.274509817,0.988235295,0.988235295,0.0823529437,0,0,0.0666666701,0.384313732,0.992156863,0.988235295,0.988235295,0.988235295,0.988235295,0.454901963,0,0,0,0,0,0,0,0,0,0,0,0,0,0,0.274509817,0.988235295,0.576470613,0,0,0,0,0,0.788235307,0.988235295,0.988235295,0.988235295,0.988235295,0.247058824,0,0,0,0,0,0,0,0,0,0,0,0,0,0,0,0.815686285,0.53725493,0,0,0,0,0.290196091,1,0.992156863,0.992156863,0.992156863,0.992156863,0.749019623,0.4627451,0.0666666701,0,0,0,0,0,0,0,0,0,0,0,0,0,0.811764717,0.827450991,0.0862745121,0,0,0.31764707,0.956862748,0.992156863,0.956862748,0.807843149,0.956862748,0.988235295,0.992156863,0.988235295,0.890196085,0.113725491,0,0,0,0,0,0,0,0,0,0,0,0,0.811764717,0.988235295,0.807843149,0.274509817,0.600000024,0.941176474,0.988235295,0.968627453,0.384313732,0,0.219607845,0.678431392,0.992156863,0.815686285,0.592156887,0.0509803928,0,0,0,0,0,0,0,0,0,0,0,0,0.313725501,0.956862748,0.992156863,0.988235295,0.988235295,0.988235295,0.823529422,0.164705887,0,0,0,0,0.180392161,0.0666666701,0,0,0,0,0,0,0,0,0,0,0,0,0,0,0,0.286274523,0.580392182,0.988235295,0.866666675,0.376470596,0.0470588244,0,0,0,0,0,0,0,0,0,0,0,0,0,0,0,0,0,0,0,0,0,0,0,0,0,0,0,0,0,0,0,0,0,0,0,0,0,0,0,0,0,0,0,0,0,0,0,0,0,0,0,0,0,0,0,0,0,0,0,0,0,0,0,0,0,0,0,0,0,0,0,0,0,0,0,0,0,0,0,0,0,0,0,0,0,0,0,0,0,0,0,0,0,0,0,0,0,0,0,0,0,0,0,0,0,0,0,0,0,0,0,0,0,0,0,0,0,0,0,0,0,0,0,0,0,0
0,0,0,0,0,0,0,0,0,0,0,0,0,0,0,0,0,0,0,0,0,0,0,0,0,0,0,0,0,0,0,0,0,0,0,0,0,0,0,0,0,0,0,0,0,0,0,0,0,0,0,0,0,0,0,0,0,0,0,0,0,0,0,0,0,0,0,0,0,0,0,0,0,0,0,0,0,0,0,0,0,0,0,0,0,0,0,0,0,0,0,0,0,0,0,0,0,0,0,0,0,0,0,0,0,0,0,0,0,0,0,0,0,0,0,0,0,0,0,0,0,0,0,0,0,0,0,0,0,0,0,0,0,0,0,0,0,0,0,0,0,0,0,0,0,0,0,0,0,0,0,0,0,0,0.125490203,0.505882382,0.992156863,1,0.827450991,0.121568628,0,0,0,0,0,0,0,0,0,0,0,0,0,0,0,0,0,0,0,0,0,0,0.286274523,0.988235295,0.988235295,0.992156863,0.988235295,0.764705896,0,0,0,0,0,0,0,0,0,0,0,0,0,0,0,0,0,0,0,0,0,0,0.286274523,0.988235295,0.988235295,0.992156863,0.988235295,0.843137264,0,0,0,0,0,0,0,0,0,0,0,0,0,0,0,0,0,0,0,0,0,0,0.607843161,0.988235295,0.988235295,0.992156863,0.988235295,0.843137264,0,0,0,0,0,0,0,0,0,0,0,0,0,0,0,0,0,0,0,0,0,0,0.850980401,0.988235295,0.988235295,0.992156863,0.988235295,0.278431386,0,0,0,0,0,0,0,0,0,0,0,0,0,0,0,0,0,0,0,0,0,0.368627459,0.968627453,0.988235295,0.988235295,0.992156863,0.905882359,0.200000003,0,0,0,0,0,0,0,0,0,0,0,0,0,0,0,0,0,0,0,0,0,0.505882382,0.988235295,0.988235295,0.988235295,0.992156863,0.619607866,0,0,0,0,0,0,0,0,0,0,0,0,0,0,0,0,0,0,0,0,0,0,0.992156863,0.988235295,0.988235295,0.988235295,0.992156863,0.137254909,0,0,0,0,0,0,0,0,0,0,0,0,0,0,0,0,0,0,0,0,0,0,1,0.992156863,0.992156863,0.992156863,1,0.137254909,0,0,0,0,0,0,0,0,0,0,0,0,0,0,0,0,0,0,0,0,0,0.490196079,0.992156863,0.988235295,0.988235295,0.988235295,0.870588243,0.0980392173,0,0,0,0,0,0,0,0,0,0,0,0,0,0,0,0,0,0,0,0,0.105882354,0.866666675,0.992156863,0.988235295,0.988235295,0.988235295,0.490196079,0,0,0,0,0,0,0,0,0,0,0,0,0,0,0,0,0,0,0,0,0,0.470588237,0.988235295,0.992156863,0.988235295,0.988235295,0.988235295,0,0,0,0,0,0,0,0,0,0,0,0,0,0,0,0,0,0,0,0,0,0,0.713725507,0.992156863,1,0.992156863,0.992156863,0.423529416,0,0,0,0,0,0,0,0,0,0,0,0,0,0,0,0,0,0,0,0,0,0.247058824,0.949019611,0.988235295,0.992156863,0.988235295,0.988235295,0.423529416,0,0,0,0,0,0,0,0,0,0,0,0,0,0,0,0,0,0,0,0,0,0.368627459,0.988235295,0.988235295,0.992156863,0.988235295,0.886274517,0.121568628,0,0,0,0,0,0,0,0,0,0,0,0,0,0,0,0,0,0,0,0,0.247058824,0.929411769,0.988235295,0.988235295,0.992156863,0.988235295,0.517647088,0,0,0,0,0,0,0,0,0,0,0,0,0,0,0,0,0,0,0,0,0,0.431372553,0.992156863,0.992156863,0.992156863,1,0.70588237,0,0,0,0,0,0,0,0,0,0,0,0,0,0,0,0,0,0,0,0,0,0,0.427450985,0.988235295,0.988235295,0.988235295,0.992156863,0.701960802,0,0,0,0,0,0,0,0,0,0,0,0,0,0,0,0,0,0,0,0,0,0,0.368627459,0.886274517,0.988235295,0.988235295,0.992156863,0.298039228,0,0,0,0,0,0,0,0,0,0,0,0,0,0,0,0,0,0,0,0,0,0,0,0.286274523,0.988235295,0.988235295,0.749019623,0.0588235296,0,0,0,0,0,0,0,0,0,0,0,0,0,0,0,0,0,0,0,0,0,0,0,0,0,0,0,0,0,0,0,0,0,0,0,0,0,0,0,0,0,0,0,0,0,0,0,0,0,0,0,0,0,0,0,0,0,0,0,0,0,0,0,0,0,0,0,0,0,0,0,0,0,0,0,0,0,0,0,0,0,0,0,0,0,0,0,0,0,0,0,0,0,0,0,0,0
0,0,0,0,0,0,0,0,0,0,0,0,0,0,0,0,0,0,0,0,0,0,0,0,0,0,0,0,0,0,0,0,0,0,0,0,0,0,0,0,0,0,0,0,0,0,0,0,0,0,0,0,0,0,0,0,0,0,0,0,0,0,0,0,0,0,0,0,0,0,0,0,0,0,0,0,0,0,0,0,0,0,0,0,0,0,0,0,0,0,0,0,0,0,0,0,0,0,0,0.145098045,0.992156863,1,0.992156863,0.521568656,0,0,0,0,0,0,0,0,0,0,0,0,0,0,0,0,0,0,0,0,0,0,0.733333349,0.870588243,0.988235295,0.992156863,0.988235295,0.886274517,0.121568628,0,0,0,0,0,0,0,0,0,0,0,0,0,0,0,0,0,0,0,0.0823529437,0.713725507,0.949019611,0.988235295,0.988235295,0.992156863,0.988235295,0.988235295,0.501960814,0,0,0,0,0,0,0,0,0,0,0,0,0,0,0,0,0,0.00392156886,0.411764711,0.807843149,0.992156863,0.988235295,0.988235295,0.988235295,0.992156863,0.988235295,0.988235295,0.65882355,0,0,0,0,0,0,0,0,0,0,0,0,0,0,0,0,0,0.286274523,0.988235295,0.988235295,0.992156863,0.988235295,0.988235295,0.988235295,0.992156863,0.988235295,0.600000024,0,0,0,0,0,0,0,0,0,0,0,0,0,0,0,0,0,0,0.450980395,0.988235295,0.988235295,0.992156863,0.988235295,0.988235295,0.988235295,0.870588243,0.541176498,0.0392156877,0,0,0,0,0,0,0,0,0,0,0,0,0,0,0,0,0.00392156886,0.388235301,0.949019611,0.988235295,0.988235295,0.992156863,0.988235295,0.988235295,0.905882359,0.160784319,0,0,0,0,0,0,0,0,0,0,0,0,0,0,0,0,0,0,0.329411775,0.988235295,0.988235295,0.988235295,0.988235295,0.992156863,0.988235295,0.905882359,0.180392161,0,0,0,0,0,0,0,0,0,0,0,0,0,0,0,0,0,0,0.388235301,0.992156863,0.992156863,0.992156863,0.992156863,0.992156863,1,0.870588243,0.160784319,0,0,0,0,0,0,0,0,0,0,0,0,0,0,0,0,0,0,0,0.709803939,0.988235295,0.988235295,0.988235295,0.988235295,0.988235295,0.870588243,0.176470593,0,0,0,0,0,0,0,0,0,0,0,0,0,0,0,0,0,0,0,0.20784314,0.909803927,0.988235295,0.988235295,0.988235295,0.988235295,0.988235295,0.490196079,0,0,0,0,0,0,0,0,0,0,0,0,0,0,0,0,0,0,0,0,0.607843161,0.988235295,0.988235295,0.988235295,0.988235295,0.988235295,0.65882355,0,0,0,0,0,0,0,0.329411775,0.329411775,0,0,0,0,0,0,0,0,0,0,0,0.431372553,0.992156863,0.992156863,0.992156863,0.992156863,0.992156863,0.929411769,0.243137255,0,0,0,0,0.670588255,0.666666687,0.992156863,0.992156863,1,0.827450991,0.121568628,0,0,0,0,0,0,0,0,0,0.427450985,0.988235295,0.988235295,0.988235295,0.988235295,0.988235295,0.68235296,0,0,0,0.286274523,0.850980401,0.992156863,0.988235295,0.988235295,0.988235295,0.992156863,0.988235295,0.807843149,0.121568628,0,0,0,0,0,0,0,0,0.427450985,0.988235295,0.988235295,0.988235295,0.988235295,0.823529422,0.223529413,0.145098045,0.145098045,0.631372571,0.909803927,0.988235295,0.992156863,0.988235295,0.988235295,0.988235295,0.992156863,0.988235295,0.988235295,0.423529416,0,0,0,0,0,0,0,0,0.184313729,0.909803927,0.988235295,0.988235295,0.988235295,0.988235295,0.988235295,0.988235295,0.992156863,0.988235295,0.988235295,0.988235295,0.992156863,0.988235295,0.988235295,0.988235295,0.992156863,0.988235295,0.988235295,0.423529416,0,0,0,0,0,0,0,0,0,0.611764729,0.992156863,0.992156863,0.992156863,0.992156863,0.992156863,0.992156863,1,0.992156863,0.992156863,0.992156863,1,0.992156863,0.992156863,0.992156863,1,0.992156863,0.929411769,0.243137255,0,0,0,0,0,0,0,0,0,0.0392156877,0.745098054,0.988235295,0.988235295,0.988235295,0.988235295,0.988235295,0.992156863,0.988235295,0.988235295,0.988235295,0.992156863,0.988235295,0.988235295,0.988235295,0.992156863,0.580392182,0.117647059,0,0,0,0,0,0,0,0,0,0,0,0.203921571,0.278431386,0.843137264,0.968627453,0.988235295,0.988235295,0.992156863,0.988235295,0.988235295,0.988235295,0.992156863,0.988235295,0.964705884,0.843137264,0.282352954,0.0392156877,0,0,0,0,0,0,0,0,0,0,0,0,0,0,0,0.36470589,0.501960814,0.988235295,0.992156863,0.988235295,0.988235295,0.988235295,0.992156863,0.501960814,0.360784322,0,0,0,0,0,0,0,0,0,0,0,0,0,0,0,0,0,0,0,0,0,0,0,0,0,0,0,0,0,0,0,0,0,0,0,0,0,0,0,0,0,0,0,0,0,0,0,0,0,0,0,0,0,0,0,0,0,0,0,0,0,0,0,0,0,0,0,0,0,0,0,0,0,0,0,0,0,0,0,0,0,0,0,0,0,0,0,0,0,0,0,0,0,0,0,0,0,0,0,0,0,0,0,0,0,0,0,0,0,0,0,0,0,0,0,0,0,0,0,0,0,0,0,0,0,0,0,0,0,0,0,0,0,0,0,0,0,0,0,0,0,0,0,0,0,0,0,0
0,0,0,0,0,0,0,0,0,0,0,0,0,0,0,0,0,0,0,0,0,0,0,0,0,0,0,0,0,0,0,0,0,0,0,0,0,0,0,0,0,0,0,0,0,0,0,0,0,0,0,0,0,0,0,0,0,0,0,0,0,0,0,0,0,0,0,0,0,0,0,0,0,0,0,0,0,0,0,0,0,0,0,0,0,0,0,0,0,0,0,0,0,0,0,0,0,0,0,0,0,0,0,0,0,0,0,0,0,0,0,0,0,0,0,0,0,0,0,0,0,0,0,0,0,0,0,0,0,0,0,0,0,0,0,0,0,0,0,0,0,0,0,0,0,0,0,0,0,0,0,0,0,0,0,0,0.278431386,1,0.529411793,0,0,0,0,0,0,0,0,0,0,0,0,0,0,0,0,0,0,0,0,0,0,0,0,0,0.266666681,0.988235295,0.678431392,0,0,0,0,0,0,0,0,0,0,0,0,0,0,0,0,0,0,0,0,0,0,0,0,0,0.0705882385,0.909803927,0.678431392,0,0,0,0,0,0,0,0,0,0,0,0,0,0,0,0,0,0,0,0,0.20784314,0.380392164,0,0,0,0.305882365,0.992156863,0.678431392,0,0,0,0,0,0,0,0,0,0,0,0,0,0,0,0,0,0,0,0.0470588244,0.831372559,0.796078444,0,0,0,0.662745118,0.992156863,0.678431392,0,0,0,0,0,0,0,0,0,0,0,0,0,0,0,0,0,0,0,0.203921571,0.992156863,0.796078444,0,0,0,0.662745118,0.992156863,0.678431392,0,0,0,0,0,0,0,0,0,0,0,0,0,0,0,0,0,0,0,0.678431392,0.992156863,0.796078444,0,0,0,0.662745118,0.992156863,0.678431392,0,0,0,0,0,0,0,0,0,0,0,0,0,0,0,0,0,0,0.529411793,0.992156863,0.992156863,0.521568656,0,0,0,0.662745118,0.992156863,0.678431392,0,0,0,0,0,0,0,0,0,0,0,0,0,0,0,0,0,0.53725493,0.929411769,0.992156863,0.847058833,0.376470596,0.372549027,0.372549027,0.372549027,0.788235307,0.992156863,0.678431392,0,0,0,0,0,0,0,0,0,0,0,0,0,0,0,0.125490203,0.701960802,0.992156863,0.992156863,0.992156863,0.992156863,0.992156863,0.992156863,0.992156863,0.992156863,0.992156863,0.992156863,0.376470596,0,0,0,0,0,0,0,0,0,0,0,0,0,0,0,0.309803933,0.992156863,0.97647059,0.972549021,0.75686276,0.431372553,0.580392182,0.580392182,0.580392182,0.921568632,0.992156863,0.992156863,0.811764717,0.0392156877,0,0,0,0,0,0,0,0,0,0,0,0,0,0,0.0313725509,0.368627459,0.0352941193,0,0,0,0,0,0,0.450980395,0.992156863,0.992156863,0.992156863,0.470588237,0,0,0,0,0,0,0,0,0,0,0,0,0,0,0,0,0,0,0,0,0,0,0,0.78039217,0.992156863,0.925490201,0.541176498,0.101960786,0,0,0,0,0,0,0,0,0,0,0,0,0,0,0,0,0,0,0,0,0,0,0,0.839215696,0.992156863,0.501960814,0,0,0,0,0,0,0,0,0,0,0,0,0,0,0,0,0,0,0,0,0,0,0,0,0.211764708,0.97647059,0.992156863,0.501960814,0,0,0,0,0,0,0,0,0,0,0,0,0,0,0,0,0,0,0,0,0,0,0,0,0.235294119,0.992156863,0.992156863,0.23137255,0,0,0,0,0,0,0,0,0,0,0,0,0,0,0,0,0,0,0,0,0,0,0,0,0.290196091,0.992156863,0.992156863,0.325490206,0,0,0,0,0,0,0,0,0,0,0,0,0,0,0,0,0,0,0,0,0,0,0,0,0.623529434,0.992156863,0.992156863,0.501960814,0,0,0,0,0,0,0,0,0,0,0,0,0,0,0,0,0,0,0,0,0,0,0,0,0.623529434,0.992156863,0.945098042,0.262745112,0,0,0,0,0,0,0,0,0,0,0,0,0,0,0,0,0,0,0,0,0,0,0,0,0.474509805,0.992156863,0.41568628,0,0,0,0,0,0,0,0,0,0,0,0,0,0,0,0,0,0,0,0,0,0,0,0,0,0,0,0,0,0,0,0,0,0,0,0,0,0,0,0,0,0,0,0,0,0,0,0,0,0,0,0,0,0,0,0,0,0,0,0,0,0,0,0,0,0,0,0,0,0,0,0,0,0,0,0,0,0,0,0,0,0,0,0,0,0,0,0,0,0,0,0,0,0,0
0,0,0,0,0,0,0,0,0,0,0,0,0,0,0,0,0,0,0,0,0,0,0,0,0,0,0,0,0,0,0,0,0,0,0,0,0,0,0,0,0,0,0,0,0,0,0,0,0,0,0,0,0,0,0,0,0,0,0,0,0,0,0,0,0,0,0,0,0,0,0,0,0,0,0,0,0,0,0,0,0,0,0,0,0,0,0,0,0,0,0,0,0,0,0,0,0,0,0,0,0,0,0,0,0,0,0,0,0,0,0,0,0,0,0,0,0,0,0,0,0,0,0,0,0,0,0,0,0,0,0,0,0,0,0,0,0,0,0,0,0,0,0,0,0,0,0,0,0,0,0,0,0,0,0.200000003,0.501960814,0.960784316,0.996078432,0.729411781,0.635294139,0.631372571,0.215686277,0,0,0,0,0,0,0,0,0,0,0,0,0,0,0,0,0,0,0.235294119,0.839215696,0.968627453,0.996078432,0.992156863,0.992156863,0.992156863,0.996078432,0.992156863,0.784313738,0.149019614,0,0,0,0,0,0,0,0,0,0,0,0,0,0,0.0117647061,0.0941176489,0.423529416,0.97647059,0.992156863,0.992156863,0.996078432,0.992156863,0.984313726,0.376470596,0.278431386,0.784313738,0.992156863,0.694117665,0,0,0,0,0,0,0,0,0,0,0,0,0,0,0.0941176489,0.992156863,0.996078432,0.992156863,0.694117665,0.894117653,0.996078432,0.992156863,0.800000012,0.0980392173,0,0.282352954,0.992156863,0.894117653,0,0,0,0,0,0,0,0,0,0,0,0,0,0,0.192156866,0.996078432,0.996078432,0.470588237,0.733333349,0.996078432,0.996078432,0.678431392,0.200000003,0,0,0.282352954,0.996078432,0.894117653,0,0,0,0,0,0,0,0,0,0,0,0,0,0,0.517647088,0.992156863,0.996078432,0.992156863,0.972549021,0.807843149,0.219607845,0.00784313772,0,0,0,0.282352954,0.992156863,0.894117653,0,0,0,0,0,0,0,0,0,0,0,0,0,0,0.345098048,0.90196079,0.90196079,0.701960802,0.360784322,0,0,0,0,0,0.125490203,0.87843138,0.992156863,0.792156875,0,0,0,0,0,0,0,0,0,0,0,0,0,0,0,0,0,0,0,0,0,0,0,0,0.407843143,0.992156863,0.992156863,0.858823538,0,0,0,0,0,0,0,0,0,0,0,0,0,0,0,0,0,0,0,0,0,0,0,0,0.501960814,0.996078432,0.968627453,0.329411775,0,0,0,0,0,0,0,0,0,0,0,0,0,0,0,0,0,0,0,0,0,0,0,0,0.698039234,0.992156863,0.501960814,0,0,0,0,0,0,0,0,0,0,0,0,0,0,0,0,0,0,0,0,0,0,0,0.0117647061,0.356862754,0.996078432,0.874509811,0.0980392173,0,0,0,0,0,0,0,0,0,0,0,0,0,0,0,0,0,0,0,0,0,0,0,0.356862754,0.992156863,0.764705896,0.286274523,0,0,0,0,0,0,0,0,0,0,0,0.31764707,0.631372571,0.631372571,1,0.996078432,0.996078432,0.862745106,0.635294139,0.43921569,0.0509803928,0,0,0.31764707,0.929411769,0.894117653,0.400000006,0,0,0,0,0,0,0,0,0,0,0,0,0.772549033,0.992156863,0.858823538,0.811764717,0.807843149,0.827450991,0.992156863,0.996078432,0.992156863,0.917647064,0.90196079,0.545098066,0.952941179,0.972549021,0.384313732,0,0,0,0,0,0,0,0,0,0,0,0,0.517647088,0.97647059,0.784313738,0.149019614,0,0,0.0196078438,0.180392161,0.411764711,0.603921592,0.941176474,0.992156863,0.996078432,0.992156863,0.501960814,0,0,0,0,0,0,0,0,0,0,0,0,0,0.631372571,0.992156863,0.53725493,0,0,0,0,0,0,0.333333343,0.78039217,0.992156863,0.996078432,0.992156863,0.964705884,0.4627451,0,0,0,0,0,0,0,0,0,0,0,0,0.764705896,0.996078432,0.313725501,0,0,0,0,0.235294119,0.733333349,0.996078432,0.996078432,0.662745118,0.13333334,0.266666681,0.847058833,0.996078432,0.200000003,0,0,0,0,0,0,0,0,0,0,0,0.698039234,0.992156863,0.752941191,0.282352954,0.184313729,0.509803951,0.70588237,0.937254906,0.996078432,0.823529422,0.419607848,0.0235294122,0,0,0.0431372561,0.615686297,0.329411775,0,0,0,0,0,0,0,0,0,0,0,0.149019614,0.752941191,0.992156863,0.992156863,0.996078432,0.992156863,0.992156863,0.925490201,0.572549045,0.0823529437,0,0,0,0,0,0,0,0,0,0,0,0,0,0,0,0,0,0,0,0.0509803928,0.564705908,0.627451003,0.270588249,0.403921574,0.270588249,0.0745098069,0,0,0,0,0,0,0,0,0,0,0,0,0,0,0,0,0,0,0,0,0,0,0,0,0,0,0,0,0,0,0,0,0,0,0,0,0,0,0,0,0,0,0,0,0,0,0,0,0,0,0,0,0,0,0,0,0,0,0,0,0,0,0,0,0,0,0,0,0,0,0,0,0,0,0,0,0,0,0,0,0,0,0,0,0,0,0,0,0,0,0,0,0,0,0,0,0,0,0,0,0
